pid,name_kor,belong,job,major
1,김덕경,삼성서울병원,의사,"말판증후군, 타카야수동맥염, 대동맥질환, 폐동맥색전증, 정맥혈전증, 혈관내과(동맥, 정맥, 대동맥질환), 동맥염, 대동맥염, 폐동맥고혈압"
2,전은석,삼성서울병원,의사,"심부전, 심장이식, 심근질환, 심근염, 인공심장, 아밀로이드증"
3,김준수,삼성서울병원,의사,"부정맥, 실신, 인공 심장박동기, 심방세동"
4,박승우,삼성서울병원,의사,"심장판막증, 심근경색증, 협심증, 성인 선천성 심장질환, 고혈압"
5,권현철,삼성서울병원,의사,"심장혈관 중재시술, 협심증, 심근경색증, 대동맥판 협착증, 대동맥 판막"
6,성지동,삼성서울병원,의사,"고혈압, 고지혈증(고콜레스테롤혈증), 심장질환 예방, 심장재활"
7,온영근,삼성서울병원,의사,"부정맥, 실신, 인공 심장박동기, 심방세동, 심장돌연사"
8,이상철,삼성서울병원,의사,"고지혈증(고콜레스테롤혈증), 심근질환, 비후성심근증, 심부전, 심장판막증, 협심증, 고혈압"
9,최진호,삼성서울병원,의사,"심장혈관 중재시술, 심근경색증, 협심증, 심장혈관 중환자, 고지혈증(고콜레스테롤혈증)"
10,최승혁,삼성서울병원,의사,"협심증, 심근경색증, 대동맥질환(대동맥류, 대동맥박리), 말초혈관질환, 심장혈관 중재시술, 대동맥 중재시술, 말초혈관 중재시술, 대동맥 판막"
11,한주용,삼성서울병원,의사,"심장혈관 중재시술, 협심증, 심근경색증"
12,박경민,삼성서울병원,의사,"심실성 빈맥, 실신, 심장돌연사, 인공 심장박동기, 심방세동"
13,박성지,삼성서울병원,의사,"심장판막증, 여성심혈관질환, 심장초음파검사, 심부전, 고혈압, 고지혈증(고콜레스테롤혈증)"
14,송영빈,삼성서울병원,의사,"심장혈관 중재시술, 협심증, 심근경색증"
15,최진오,삼성서울병원,의사,"심부전, 심근질환(심근병증, 심근염), 심장이식, 아밀로이드증"
16,장성아,삼성서울병원,의사,"폐동맥고혈압, 폐동맥색전증, 심낭질환, 성인 선천성 심장질환, 심부전, 폐 고혈압, 심장판막증"
17,박승정,삼성서울병원,의사,"인공 심장박동기, 부정맥, 실신, 심방세동"
18,양정훈,삼성서울병원,의사,"심인성쇼크, 체외막형산소화요법, 심도자(카테타)술, 심혈관조영술, 심근경색증, 심장혈관 중재시술"
19,박택규,삼성서울병원,의사,"혈관내과(동맥, 정맥, 대동맥질환), 대동맥, 동맥, 심장혈관 중재시술"
20,이주명,삼성서울병원,의사,"심장혈관 중재시술, 심근경색증, 협심증, 고지혈증(고콜레스테롤혈증), 죽상경화성 심혈관병, 심장혈관조영술"
21,김은경,삼성서울병원,의사,"심장판막질환, 심부전, 심장초음파검사, 고혈압, 고지혈증(고콜레스테롤혈증)"
22,이승화,삼성서울병원,의사,"고혈압, 고지혈증(고콜레스테롤혈증), 심장질환 예방, 수술 후 관리, 심혈관 중재술"
23,김다래,삼성서울병원,의사,"심부전, 심근질환(심근병증, 심근염), 심장이식, 심장판막증, 아밀로이드증"
24,김지훈,삼성서울병원,의사,"심장판막증, 심장초음파검사, 심부전, 심근질환"
25,최기홍,삼성서울병원,의사,"심장혈관 중재시술, 협심증, 심근경색증"
26,김주연,삼성서울병원,의사,"부정맥, 실신, 인공 심장박동기, 심방세동, 심장돌연사"
27,최지훈,삼성서울병원,의사,순환기 일반내과
28,김혜리,삼성서울병원,의사,
29,박민정,삼성서울병원,의사,
30,박윤지,삼성서울병원,의사,
31,전기나,삼성서울병원,의사,
32,김주원,삼성서울병원,의사,순환기 일반내과
33,조현승,삼성서울병원,의사,순환기 일반내과
34,정태완,삼성서울병원,의사,순환기 일반내과
35,김성은,삼성서울병원,의사,순환기 일반내과
36,심영목,삼성서울병원,의사,"폐암, 식도암, 흉선종 및 종격동종양, 식도협착, 폐암수술, 식도암수술"
37,조재일,삼성서울병원,의사,"폐식도암, 폐암수술, 식도암, 식도암수술"
38,김진국,삼성서울병원,의사,"폐암, 폐암수술, 기도 협착 및 암수술, 기관지의 종양 , 흉선암"
39,전태국,삼성서울병원,의사,"선천성 심장 질환, 소아심장질환, 신생아 복잡기형"
40,김욱성,삼성서울병원,의사,"관상동맥수술, 판막수술, 비후성심근증, 대동맥 수술, 심장종양 수술"
41,성기익,삼성서울병원,의사,"대동맥 수술, 판막수술, 심장보조장치, 관상동맥수술, 심장종양"
42,최용수,삼성서울병원,의사,"폐암, 식도암, 소아흉부질환, 폐이식, 흉강경수술"
43,양지혁,삼성서울병원,의사,"선천성 심장질환, 소아심장수술, 내시경심장수술, 흉터클리닉"
44,정동섭,삼성서울병원,의사,"판막, 관상동맥, 부정맥수술(흉강경), 최소침습심장수술, 폐색전수술"
45,김홍관,삼성서울병원,의사,"식도암, 폐암, 식도암 로봇수술, 식도암 최소 침습수술, 흉강경수술"
46,조양현,삼성서울병원,의사,"인공심장 및 에크모, 심장보조장치, 심장이식, 대동맥 및 판막수술, 심장외과 중환자"
47,조종호,삼성서울병원,의사,"흉강경수술, 식도암, 폐암, 양성폐질환, 기흉, 기도질환, 흉선종 및 종격동종양, 횡경막의 장애, 위식도역류질환, 아칼라지아, 다빈치로봇수술, 폐암수술"
48,신수민,삼성서울병원,의사,폐암수술
49,정수련,삼성서울병원,의사,"대동맥 수술, 심장외과, 기타 성인 심장수술"
50,이옥정,삼성서울병원,의사,"선천성 심장 질환, 중환자"
51,이정희,삼성서울병원,의사,"폐암, 폐질환수술, 종격동의 질환, 흉강경수술"
52,전영정,삼성서울병원,의사,"폐암, 폐질환수술, 종격동의 질환, 흉강경수술"
53,윤정희,삼성서울병원,의사,폐식도 외과
54,김민수,삼성서울병원,의사,
55,최재원,삼성서울병원,의사,
56,문정민,삼성서울병원,의사,
57,손종배,삼성서울병원,의사,
58,윤동욱,삼성서울병원,의사,
59,박일근,삼성서울병원,의사,
60,구민정,삼성서울병원,의사,
61,김홍선,삼성서울병원,의사,
62,한선,삼성서울병원,의사,
63,임석경,삼성서울병원,의사,
64,김신,삼성서울병원,의사,
65,송경섭,삼성서울병원,의사,
66,정욱성,가톨릭서울성모병원,의사,"협심증,심근경색증,관상동맥중재술"
67,윤호중,가톨릭서울성모병원,의사,"판막질환,심부전,심근증,고혈압,동맥경화,심장초음파"
68,백상홍,가톨릭서울성모병원,의사,"심장병예방(고혈압,고지혈증,동맥경화증),심부전(심장이식)"
69,오용석,가톨릭서울성모병원,의사,"부정맥,심방세동,전극도자절제술,실신,돌연사"
70,장기육,가톨릭서울성모병원,의사,"협심증,심근경색,흉통,관상동맥 중재술,타비시술,대동맥질환 시술"
71,정해억,가톨릭서울성모병원,의사,"심장초음파 및 심장영상 진단,판막질환,고혈압,심부전,폐색전증 및 폐고혈압,성인 선천성 심질환,판막 및 선천성 심질환 중재시술,[희귀난치유전 심장질환]"
72,최윤석,가톨릭서울성모병원,의사,"협심증,관상동맥질환,고지혈증,고혈압"
73,박훈준,가톨릭서울성모병원,의사,"심장줄기세포,협심증,심근경색증,관상동맥중재술,심부전"
74,정우백,가톨릭서울성모병원,의사,"중재심초음파 (판막질환 및 구조적 심질환), 심장-종양학 (암환자의 심장기능 평가 및 치료), 저항성 및 난치성 고혈압"
75,김성환,가톨릭서울성모병원,의사,부정맥
76,윤종찬,가톨릭서울성모병원,의사,"심부전, 심장이식, 좌심실보조장치(LVAD), 고혈압, 고지혈증"
77,황병희,가톨릭서울성모병원,의사,"협심증,심근경색,말초혈관질환 및 대동맥,구조적 심질환 중재시술"
78,추은호,가톨릭서울성모병원,의사,"관상동맥질환, 고혈압, 심부전, 동맥경화"
79,김진진,가톨릭서울성모병원,의사,"심인성쇼크,중환자의학,체외막형산화요법,심부전"
80,권아미,가톨릭서울성모병원,의사,"고혈압,판막질환,심근증,심부전,심장재활"
81,최영,가톨릭서울성모병원,의사,"심방세동,심장재동기화치료,부정맥"
82,이관용,가톨릭서울성모병원,의사,"흉통, 호흡곤란, 관상동맥중재술, 심장혈관영상, 심부전"
83,오규철,가톨릭서울성모병원,의사,"관상동맥질환,심부전,고혈압"
84,김화중,가톨릭서울성모병원,의사,
85,목지수,가톨릭서울성모병원,의사,
86,안영철,가톨릭서울성모병원,의사,
87,안유란,가톨릭서울성모병원,의사,
88,김경안,가톨릭서울성모병원,의사,
89,김수현,가톨릭서울성모병원,의사,
90,박소윤,가톨릭서울성모병원,의사,
91,양인호,가톨릭서울성모병원,의사,
92,이소영,가톨릭서울성모병원,의사,
93,장재혁,가톨릭서울성모병원,의사,순환기내과 질환
94,박재길,가톨릭서울성모병원,의사,"폐암,식도암,종격동암,다한증,흉강경 수술,폐이식 수술"
95,박형주,가톨릭서울성모병원,의사,"오목가슴-새가슴수술(최소 침습 수술),폐-식도 수술"
96,문석환,가톨릭서울성모병원,의사,"흉강경폐암및식도암수술,전이성폐암,종격동종양,소아종양,다한증 [악성중피종,흉부암]"
97,김환욱,가톨릭서울성모병원,의사,"성인판막질환,대동맥질환,심장이식"
98,이철,가톨릭서울성모병원,의사,"소아 심장외과,소아 선천성심장병,성인 선천성 심장병"
99,김경수,가톨릭서울성모병원,의사,"폐암,식도암,종격동종양,전이성폐암,폐이식"
100,문미형,가톨릭서울성모병원,의사,"종격동 종양,흉선종,폐암,폐결절,폐전이암,기흉,다한증,흉부외상"
101,임주영,가톨릭서울성모병원,의사,"관상동맥우회술,대동맥,성인심장질환,심장이식"
102,현관용,가톨릭서울성모병원,의사,"폐암,폐전이암,염증성 폐질환,폐이식,흉선암/흉선종,흉벽종양,흉부외상,다한증,식도질환,오목가슴"
103,이원영,가톨릭서울성모병원,의사,소아 선천성 심질환 성인 선천성 심질환
104,김효수,서울대학교병원,의사,"협심증, 흉통, 관상동맥, 심근경색, 판막질환시술, 대동맥류시술, 동맥경화증, 고지혈증"
105,오세일,서울대학교병원,의사,"부정맥, 심방세동, 빈맥, 서맥, 돌연심장사, WPW증후군, 실신, 전극도자절제술, 심장박동기, 제세동기"
106,구본권,서울대학교병원,의사,"협심증, 흉통, 관상동맥, 심근경색, 심장"
107,김용진,서울대학교병원,의사,"고혈압, 협심증, 심부전"
108,강현재,서울대학교병원,의사,"협심증, 심근경색, 고혈압"
109,이해영,서울대학교병원,의사,"심장이식, 대사증후군, 심부전, 당뇨심혈관질환, 가족성 이상지질증, 저항성 고혈압"
110,나상훈,서울대학교병원,의사,"고혈압, 이상지질혈증, 정맥혈전증(폐동맥색전증, 심부정맥혈전증)"
111,조현재,서울대학교병원,의사,"심부전, 협심증, 고혈압, 고지혈증, 심장이식"
112,박경우,서울대학교병원,의사,"협심증, 심근경색, 심방 중격 결손증"
113,김형관,서울대학교병원,의사,"폐고혈압, 심장판막질환, 비후성 심근병증, 확장성 심근병증, 제한성 심근병증, 성인 선천성 심질환, 심장초음파, 호흡곤란 / 심부전"
114,최의근,서울대학교병원,의사,"부정맥, 두근거림, 빈맥, 심방세동, 발작성심실상성빈맥, WPW증후군, 심전도이상, 심정지, 서맥, 실신"
115,양한모,서울대학교병원,의사,"협심증, 흉통, 관상동맥, 심근경색, 고혈압, 심방심실중격결손증, 고지혈증, 심장"
116,이승표,서울대학교병원,의사,"가족성/유전성 심장/혈관 질환, 심장판막질환, 심근질환, 심부전, 비후성 심근증, 마르판 증후군, 가족성 고콜레스테롤혈증"
117,한정규,서울대학교병원,의사,"협심증, 흉통, 심근경색, 관상동맥, 말초동맥, 중재시술, 동맥경화증, 고지혈증, 세포치료"
118,박준빈,서울대학교병원,의사,"고혈압, 심근병, 심장판막질환, 폐고혈압, 선천성심질환"
119,김선화,서울대학교병원,의사,"부정맥, 두근거림, 실신, 심정지, 발작성심실상성빈맥, WPW 증후군, 심방세동, 고주파전극도자절제술, 인공 심장 박동기, 삽입형 제세동기"
120,강지훈,서울대학교병원,의사,"협심증, 심근경색증, 중환자진료, 심부전"
121,이소령,서울대학교병원,의사,"부정맥, 심방세동, 두근거림, 빈맥, 발작성심실상성빈맥, WPW증후군, 심전도이상, 심정지, 서맥, 실신, 부정맥 시술, 전극도자절제술, 인공 심장 박동기, 제세동기"
122,이현정,서울대학교병원,의사,"심장판막질환, 심근병증, 심부전, 감염성 심내막염, 고혈압"
123,이학승,서울대학교병원,의사,"협심증, 심근경색, 심부전, 고혈압, 고지혈증, 중재시술"
124,김영태,서울대학교병원,의사,"폐이식, 흉벽종양, 폐전이암, 폐암"
125,김경환,서울대학교병원,의사,"성인심장, 판막, 신기술 판막수술, 흉복부 대동맥, 부정맥, 로봇/최소절개 수술"
126,강창현,서울대학교병원,의사,"폐암, 식도암, 흉선암/흉선종, 종격동종양, 흉벽종양, 폐전이암"
127,박인규,서울대학교병원,의사,"악성중피종, 염증성폐질환, 폐암 및 흉부종양"
128,이현주,서울대학교병원,의사,일반흉부 질환
129,황호영,서울대학교병원,의사,"성인심장, 로봇심장수술, 관상동맥우회술, 심장이식, 심실보조장치, 판막수술, 부정맥수술"
130,최재웅,서울대학교병원,의사,"흉복부 대동맥, 흉복부 대동맥 스탠트 수술, 성인 심장 판막, 최소침습수술 , 하지정맥류, 말초혈관폐쇄성질환"
131,박샘이나,서울대학교병원,의사,"폐암, 폐전이암, 흉벽종양, 종격동 질환, 다한증, 흉강경 및 로봇수술"
132,손석호,서울대학교병원,의사,"성인심장, 관상동맥우회술, 판막수술, 심장이식, 심실보조장치, 로봇심장수술, 하지정맥류"
133,배소영,서울대학교병원,의사,"기흉, 일반흉부 질환, 폐암 및 흉부종양, 흉부, 흉부(폐/식도/종격동), 흉부외상수술, 흉부종양, 흉부종양(폐)"
134,나권중,서울대학교병원,의사,"폐암, 폐암 및 흉부종양, 종격동 질환, 종격동종양, 흉선암, 흉선암/흉선종, 식도암, 식도질환, 기흉, 다한증, 흉벽종양, 흉강경 및 로봇수술"
135,김아영,세브란스심장혈관서울병원,의사,"선천성 심장질환(소아, 성인), 심부전, 심장이식, 부정맥, 고혈압, 가와사키병, 실신, 흉통, 수술협진"
136,박수진,세브란스심장혈관서울병원,의사,
137,전현옥,세브란스심장혈관서울병원,의사,
138,정조원,세브란스심장혈관서울병원,의사,"선천성 심장질환(소아,성인), 심초음파, 심부전, 심근염, 폐동맥 고혈압"
139,최재영,세브란스심장혈관서울병원,의사,"선천성 심장질환(소아, 성인),중재적 치료술, 폐동맥 고혈압 "
140,정세용,세브란스심장혈관서울병원,의사,"선천성 심장질환(소아, 성인), 심부전, 심장이식, 가와사키병, 부정맥, 실신
* 수술협진(1째, 3째)"
141,강석민,세브란스심장혈관서울병원,의사,"심부전, 심장이식, 심장재활"
142,고영국,세브란스심장혈관서울병원,의사,"대동맥질환, 말초동맥질환, 마르판증후군, 타카야수 동맥염, 버거씨병, 하지부종 
* 금 오전 : 혈관질환 신환 클리닉 "
143,김병극,세브란스심장혈관서울병원,의사,"협심증, 관상동맥질환, 심근경색증, 난치성 고혈압 시술치료"
144,김중선,세브란스심장혈관서울병원,의사,"구조적심질환(심방중격결손, 난원공개존증, 좌심방이폐색술), 협심증, 심근경색증"
145,김태훈,세브란스심장혈관서울병원,의사,"부정맥 (상심실성빈맥, 심방세동, 심실빈맥), 전극도자 절제술 및 냉각풍선 절제술, 심박동기, 제세동기 (ICD), 피하 제세동기 (S-ICD), 심장재동기화치료 (CRT), 좌각조율 (LBB pacing) 박동기"
146,박성하,세브란스심장혈관서울병원,의사,"* 고혈압, 이상지질혈증, 대사증후군, 협심증, 심근경색증"
147,박희남,세브란스심장혈관서울병원,의사,"부정맥, 심방세동, 심실빈맥"
148,서지원,세브란스심장혈관서울병원,의사,"고혈압, 심장판막질환, 심근질환, 심부전, 협심증, 심장초음파 "
149,심지영,세브란스심장혈관서울병원,의사,"판막질환, 심부전, 심장초음파, 고혈압"
150,안철민,세브란스심장혈관서울병원,의사,"대동맥질환, 말초혈관질환, 폐색전증, 심부정맥혈전증, 심장중환자 진료"
151,오재원,세브란스심장혈관서울병원,의사,"심부전, 심근병증, 심장이식, 좌심실보조장치"
152,이문형,세브란스심장혈관서울병원,의사,부정맥 .실신. 심실빈맥
153,이상학,세브란스심장혈관서울병원,의사,"고지혈증, 협심증, 심근경색증, 심부전, 고혈압"
154,이승준,세브란스심장혈관서울병원,의사,"협심증, 관상동맥질환, 대동맥질환, 혈관질환"
155,이찬주,세브란스심장혈관서울병원,의사,"심부전, 심근경색(흉통 불가), 심장재활, 고혈압, 고지혈증"
156,장양수,세브란스심장혈관서울병원,의사,"협심증, 심근경색증( 2021.03.12.~09.11 안식년 )"
157,장혁재,세브란스심장혈관서울병원,의사,"심장혈관질환, 심부전, 폐고혈압"
158,정보영,세브란스심장혈관서울병원,의사,"부정맥, 심방세동, 심실 빈맥, 인공심장박동기"
159,조익성,세브란스심장혈관서울병원,의사,"고혈압, 판막질환, 심근질환, 심부전, 심장종양, 항암치료관련 심근질환 "
160,하종원,세브란스심장혈관서울병원,의사,"판막질환, 고혈압, 심부전, 협심증, 심근경색증"
161,홍그루,세브란스심장혈관서울병원,의사,"심장 판막질환, 고혈압, 심부전, 대동맥판막 협착증, 심근증"
162,홍명기,세브란스심장혈관서울병원,의사,"협심증, 심근경색증"
163,홍성진,세브란스심장혈관서울병원,의사,"관상동맥질환 (심근경색, 협심증, 관상동맥협착, 흉통, 관상동맥 죽상경화증 등)"
164,김대영,세브란스심장혈관서울병원,의사,"판막질환, 고혈압, 심장초음파, 심부전"
165,박윤정,세브란스심장혈관서울병원,의사,"부정맥, 심방세동, 심실빈맥, 인공심장박동기"
166,유희태,세브란스심장혈관서울병원,의사,"부정맥, 심방세동, 심실빈맥, 전극도자절제술, 심박동기, 제세동기, 심장재동기화치료"
167,김정환,세브란스심장혈관서울병원,의사,"후천성심장질환, 대동맥, 하지정맥 및 말초혈관질환"
168,김효현,세브란스심장혈관서울병원,의사,"후천성심장질환, 하지정맥 및 말초혈관질환"
169,박영환,세브란스심장혈관서울병원,의사,선천성심장질환
170,박한기,세브란스심장혈관서울병원,의사,선천성심장질환
171,신유림,세브란스심장혈관서울병원,의사,"선천성 심질환(소아, 성인), 소아 심장이식, 소아 심부전,  기계적 심장보조장치 "
172,유경종,세브란스심장혈관서울병원,의사,"후천성 심장질환, 관상동맥질환"
173,윤영남,세브란스심장혈관서울병원,의사,"관상동맥질환, 심부전 및 심장이식, 대동맥질환(하이브리드 술식), 후천성 심장질환"
174,이삭,세브란스심장혈관서울병원,의사,"심장판막질환, 부정맥질환, 후천성심장질환"
175,이승현,세브란스심장혈관서울병원,의사,"후천성 심장질환, 심장판막질환, 부정맥 수술, 최소 침습적 심장수술"
176,주현철,세브란스심장혈관서울병원,의사,
177,김태훈,세브란스강남병원,의사,"대동맥 질환(급성대동맥박리증, 대동맥류), 말초혈관질환(말초동맥협착증 및 폐쇄, 심부정맥 혈전증 및 폐동맥 색전증), 대동맥 및 말초혈관질환 하이브리드 수술적 치료 및 스텐트 그라프트 삽입술, 동정맥루 형성 및 시술, 정맥류 "
178,송석원,세브란스강남병원,의사,"대동맥 질환(급성대동맥박리증, 대동맥), 말초혈관질환(말초동맥협착증 및 폐쇄증, 심부정맥 혈전증 및 폐동맥 색전증), 대동맥 및 말초혈관질환의 하이브리드 수술적 치료 및 스텐트 그래프트 삽입술"
179,이기종,세브란스강남병원,의사,"관상동맥질환, 판막질환 및 부정맥, 하지정맥류"
180,김명수,세브란스강남병원,의사,
181,김종훈,세브란스강남병원,의사,
182,문덕환,세브란스강남병원,의사,"폐암수술 (흉강경 및 로봇수술), 식도암 수술, 발다한증수술(복강경수술), 기흉수술, 흉벽교정수술, 흉부통증, 간유리음영"
183,이성수,세브란스강남병원,의사,"간유리음영, 폐암, 식도암, 새가슴 오목가슴, 기흉, 다한증, 흉곽출구증후군"
184,김봉준,세브란스강남병원,의사,
185,권혁문,세브란스강남병원,의사,"협심증, 심근경색증, 관상동맥중재시술"
186,김인수,세브란스강남병원,의사,"부정맥, 심방세동, 심실빈맥, 급사, 실신, 서맥, 심장전기생리검사 및 전극도자절제술, 심박동기, 제세동기, 심부전 박동기 치료술, 고혈압, 흉통"
187,김종윤,세브란스강남병원,의사,"부정맥, 인공심장박동기,syncope"
188,민필기,세브란스강남병원,의사,"혈관중재시술 - 말초혈관질환, 대동맥질환(대동맥류, 대동맥박리), 관상동맥질환(협심증, 심근경색)"
189,윤영원,세브란스강남병원,의사,"협심증,심근경색증,동맥경화,고혈압,고지혈증,관상동맥조영술,관상동맥성형술,말초혈관질환"
190,이병권,세브란스강남병원,의사,"협심증,심근경색증,동맥경화,고혈압,고지혈증,관상동맥조영술,관상동맥성형술,말초혈관질환"
191,임세중,세브란스강남병원,의사,"허혈성 심질환, 심장판막증, 심부전, 고혈압)"
192,최의영,세브란스강남병원,의사,"심장판막질환,심부전,허혈성심장질환"
193,홍범기,세브란스강남병원,의사,"협심증 및 허혈성 심질환, 관상동맥중재시술, 고지혈증"
194,김완기,세브란스용인병원,의사,"심장혈관 및 판막질환,대동맥 및 말초혈관질환,하지 정맥류"
195,박성준,세브란스용인병원,의사,"폐암,폐질환,전이성 폐암,식도암,식도질환,종격동질환"
196,서지원,세브란스용인병원,의사,"폐암,폐질환,전이성 폐암,식도암,식도질환,종격동질환,"
197,송승준,세브란스용인병원,의사,"심장혈관 및 판막질환,말초혈관질환,하지정맥류,투석혈관수술"
198,김민관,세브란스용인병원,의사,"심부전,판막질환,심근병증,성인심기형,폐동맥고혈압"
199,김용철,세브란스용인병원,의사,"협심증,심근경색,동맥경화증,심장혈관중재시술,혈관내 광학단층촬영(OCT) 및 혈관내 초음파(IVUS)"
200,노지웅,세브란스용인병원,의사,"협심증, 심근경색증, 말초혈관질환, 고혈압, 고지혈증, 심장혈관중재시술"
201,류병원,세브란스용인병원,의사,"선천성심장질환, 가와사끼병, 심근염, 심부전, 고혈압, 폐동맥고혈압, 신약개발"
202,박제욱,세브란스용인병원,의사,"빈맥성 부정맥(상심실성빈맥, 심방세동, 심실빈맥), 서맥성 부정맥(동기능부전증후군 방실차단), 심장마비, 실신"
203,배성아,세브란스용인병원,의사,"고혈압, 협심증, 심부전, 심비대, 판막질환, 심근병증"
204,엄재선,세브란스용인병원,의사,"빈맥성 부정맥(상심실성빈맥,심방세동,심실빈맥),서맥성 부정맥(동기능부전증후군,방실차단),심장마비, 실신"
205,이오현,세브란스용인병원,의사,"협심증,심근경색증,대동맥질환,관상동맥/말초혈관 중재시술,고혈압,고지혈증"
206,임의,세브란스용인병원,의사,"협심증,심근경색증,말초혈관질환,대동맥질환,관상동맥/말초혈관 조영술 및 스텐트 삽입술, 고혈압, 심부전"
207,정인현,세브란스용인병원,의사,"고혈압, 고지혈증, 판막질환, 심부전, 성인심기형"
208,조덕규,세브란스용인병원,의사,"심근경색증, 협심증, 고혈압, 고지혈증, 심부전, 대동맥질환, 심장혈관중재시술"
209,최동훈,세브란스용인병원,의사,"대동맥 질환, 말초동맥질환, 하지부종"
210,김대준,세브란스서울병원,의사,"식도암, 폐암, 로봇수술, 종격동 종양 및 근무력증"
211,박성용,세브란스서울병원,의사,"식도암, 폐암, 로봇수술, 전이성 폐암, 종격동 종양, 악성 중피종"
212,백효채,세브란스서울병원,의사,"폐이식, 폐암, 간질성 폐질환, 종격동 종양"
213,이진구,세브란스서울병원,의사,"폐이식, 폐암, 흉선종 및 근무력증, 종격동 종양, 간질성 폐질환"
214,이창영,세브란스서울병원,의사,"폐암, 간유리 음영 결절, 종격동 종양 및 근무력증, 로봇수술, 기관 및 기관지 질환, 소아 흉부 질환"
215,박병조,세브란스서울병원,의사,"폐암, 종격동 종양, 전이성 폐암, 식도암, 기흉, 기타 흉부 질환"
216,김범준,가톨릭은평성모병원,의사,"관상동맥질환(협심증,심근경색증)/관상동맥중재술"
217,장성원,가톨릭은평성모병원,의사,"부정맥, 심방세동, 심장박동이상, 고주파절제술, 인공심장박동기, 제세동기"
218,서석민,가톨릭은평성모병원,의사,"심장이식, 심부전, 관상동맥중재술, 폐색전증, 저항성고혈압"
219,이정은,가톨릭은평성모병원,의사,"심근병증, 폐동맥고혈압, 성인 선천성 심질환, 심장판막질환, 고혈압"
220,권오성,가톨릭은평성모병원,의사,"심장혈관질환(관상동맥중재술), 대동맥판막협착증(경피적 대동맥 판막 삽입술 타비[TAVI]), 대동맥 질환(대동맥류, 대동맥박리 스텐트 삽입술), 당뇨족 및 다리 혈관 질환(경피적 혈관 성형술) 승모판막 역류"
221,최연직,가톨릭은평성모병원,의사,"관상동맥질환(협심증,심근경색증)/관상동맥중재술, 대동맥판막협착증(경피적 대동맥판막 삽입술,타비[TAVI]),대동맥질환(대동맥류, 대동맥박리 스텐드삽입술), 당뇨족 및 다리혈관(경피적 혈관 성형술),고혈압"
222,강준규,가톨릭은평성모병원,의사,"성인심장질환, 대동맥질환, 심장이식"
223,최시영,가톨릭은평성모병원,의사,"폐암, 종격동 종양, 식도암, 손다한증, 흉강경수술"
224,김용한,가톨릭은평성모병원,의사,"성인심장질환, 대동맥질환"
225,문영규,가톨릭은평성모병원,의사,"폐암, 폐결절, 간유리음영, 종격동종양, 기흉, 단일공흉강경수술, 오목가슴, 손다한증"
226,전희경,가톨릭의정부성모병원,의사,"관상동맥중재술, 협심증, 심근경색, 고혈압, 심부전, 심초음파, 심장판막질환"
227,이종민,가톨릭의정부성모병원,의사,"관상동맥중재술, 협심증, 심근경색,고혈압, 동맥경화증"
228,김성환,가톨릭의정부성모병원,의사,부정맥
229,안효석,가톨릭의정부성모병원,의사,"심부전, 관상동맥질환, 심초음파, 고혈압, 심장판막질환, 폐동맥고혈압, 선천성 심장질환"
230,김찬준,가톨릭의정부성모병원,의사,"심근경색, 고혈압, 협심증, 구조적 심질환, 말초동맥혈관질환, 관상동맥질환, 관상동맥중재술, 성인 선천성 심질환"
231,임성민,가톨릭의정부성모병원,의사,"관상동맥질환(심근경색, 협심증), 복합-고위험 관상동맥 중재술, 말초혈관질환, 다혈관질환, 심인성 쇼크, 심부전"
232,부성현,가톨릭의정부성모병원,의사,"협심증, 심근경색, 말초혈관질환 및 대동맥질환 중재시술"
233,김용환,가톨릭의정부성모병원,의사,"단일공 비디오흉강경수술(폐암, 기흉, 종격동종양)"
234,정성철,가톨릭의정부성모병원,의사,"심장수술(관상동맥 및 판막수술), 흉복부 대동맥질환, 말초동맥혈관질환, 흉부외상학"
235,김재준,가톨릭의정부성모병원,의사,"단일공 비디오흉강경수술(폐암, 기흉, 종격동종양), 로봇수술, 식도암, 흉벽기형, 다한증, 흉부외상"
236,한정욱,가톨릭의정부성모병원,의사,"다발성 늑골 골절 및 동요흉, 외상성 혈기흉(폐 손상, 식도 손상, 횡경막 손상), 외상성 대동맥 손상, 외상성 말초 혈관 손상"
237,유기동,가톨릭성빈센트병원,의사,"심장병, 고혈압, 협심증, 말초혈관질환"
238,문건웅,가톨릭성빈센트병원,의사,"심장병, 고혈압, 협심증,심근경색"
239,김지훈,가톨릭성빈센트병원,의사,부정맥
240,허성호,가톨릭성빈센트병원,의사,"심근경색,협심증,말초동맥혈관질환,구조적 심장질환,대동맥질환,당뇨발"
241,김지희,가톨릭성빈센트병원,의사,"심부전, 심장판막질환, 폐동맥 고혈압, 선천성 심장실환, 심장병, 고혈압, 협심증, 파브리질환"
242,문동규,가톨릭성빈센트병원,의사,"협심증, 심근경색, 말초혈관질환, 선천성심질환(심방중격결손, 난원곤개존증), 대동맥판막협착증(TAVI시술)"
243,황유미,가톨릭성빈센트병원,의사,"부정맥, 심부전, 인공 심박동기"
244,이수남,가톨릭성빈센트병원,의사,"협심증, 심근경색, 고혈압, 심부전"
245,김민식,가톨릭성빈센트병원,의사,
246,장원영,가톨릭성빈센트병원,의사,"심근경색,협심증,말초동맥혈관질환,고혈압,심부전,심근질환(아밀로이드증)"
247,정진,가톨릭성빈센트병원,의사,
248,조규도,가톨릭성빈센트병원,의사,"흉부종양(폐암,식도암), 흉강경수술"
249,조덕곤,가톨릭성빈센트병원,의사,"흉부종양(폐암,식도암), 다한증, 로봇수술 및 흉강경수술, 소아흉부질환, 외상외과"
250,조민섭,가톨릭성빈센트병원,의사,"성인심장혈관외과, 관상동맥질환, 판막질환, 대동맥외과, 부정맥수술, 말초동맥 수술 및 중재시술, 동정맥루수술 및 중재시술, 심부정맥혈전증 및 폐동맥색전증, 당뇨족"
251,장용진,가톨릭성빈센트병원,의사,"흉부종양(폐암), 흉강경수술, 흉부외상, 다한증"
252,심형태,가톨릭성빈센트병원,의사,"성인심장외과, 관상동맥질환, 판막질환, 대동맥외과, 부정맥수술, 말초동맥수술 및 중재시술, 정맥질환, 소아심장외과"
253,정욱성,가톨릭여의도성모병원,의사,"관상동맥질환(협심증,심근경색증),관상동맥중재술,판막 및 선천성 심장질환 중재시술"
254,박철수,가톨릭여의도성모병원,의사,"관상동맥질환,동맥경화,심부전,고혈압"
255,조은주,가톨릭여의도성모병원,의사,"심부전,심근증,판막질환,대동맥 및 관상동맥질환,고혈압,성인 선천성 심질환"
256,최영,가톨릭여의도성모병원,의사,부정맥
257,사영경,가톨릭여의도성모병원,의사,"심부전,판막질환,심장초음파,관상동맥질환,선천성 심질환"
258,김흥석,가톨릭여의도성모병원,의사,"협심증,관상동맥질환,고지혈증,고혈압,부정맥"
259,김욱,가톨릭여의도성모병원,의사,"위암,상부위장관,비만대사수술,로봇수술"
260,강원경,가톨릭여의도성모병원,의사,"대장암,항문질환,탈장,복강경 및 로봇수술"
261,정재희,가톨릭여의도성모병원,의사,"[소아외과] 소아 및 신생아 외과,소아탈장,소아복강경수술,태아치료"
262,백종민,가톨릭여의도성모병원,의사,"[유방갑상선외과] 유방,갑상선(내분비외과)"
263,김성근,가톨릭여의도성모병원,의사,"위암,상부위장관,비만대사수술,로봇수술"
264,김장용,가톨릭여의도성모병원,의사,"대동맥류,정맥류,다리혈관치료,혈전증,항암포트"
265,백광열,가톨릭여의도성모병원,의사,"췌장암,간암,담도암,간이식"
266,박선민,가톨릭여의도성모병원,의사,"대장암,대장항문질환,성인탈장,복강경수술"
267,김미형,가톨릭여의도성모병원,의사,"대동맥,사지혈관질환,정맥류,하지부종,투석혈관수술,신장이식,췌장이식"
268,사영조,가톨릭여의도성모병원,의사,"폐암,종격동종양,흉강경수술,흉부외상 및 손상"
269,김희열,가톨릭부천성모병원,의사,"관상동맥질환(심근경색증, 협심증), 부정맥, 인공심장박동기, 심부전"
270,임상현,가톨릭부천성모병원,의사,"고혈압, 심부전, 관상동맥질환, 판막질환, 고지혈증"
271,박찬석,가톨릭부천성모병원,의사,"심장초음파, 심부전, 판막질환, 고혈압, 고지혈증"
272,김동빈,가톨릭부천성모병원,의사,"관상동맥질환(심근경색증, 협심증), 심부전, 고혈압, 고지혈증"
273,김영주,가톨릭부천성모병원,의사,"관상동맥질환(심근경색증, 협심증), 심부전, 고혈압, 고지혈증, 판막질환"
274,변성욱,가톨릭부천성모병원,의사,"관상동맥질환(심근경색증, 협심증), 심부전, 고혈압, 고지혈증, 판막질환"
275,심성보,가톨릭부천성모병원,의사,"심혈관질환, 일반 흉부질환 및 외상"
276,김영두,가톨릭부천성모병원,의사,"폐암, 식도암, 흉강경수술, 다한증, 혈관 및 심장질환"
277,전현우,가톨릭부천성모병원,의사,"폐암, 식도암, 흉강경수술, 다한증, 오목가슴"
278,강덕현,서울아산병원,의사,"승모판질환,심내막염,판막질환,Onestop Clinic,심잡음(murmur)"
279,강도윤,서울아산병원,의사,"관상동맥질환(협심증,심근경색증),승모판막 클립시술"
280,강수진,서울아산병원,의사,"관상동맥질환(협심증,심근경색증),고혈압"
281,김대희,서울아산병원,의사,"심장판막질환,심장초음파,심장내과질환,대동맥질환, 호흡곤란, 판막클리닉,폐고혈압,승모판막 클립시술"
282,김민석,서울아산병원,의사,"심부전,심인성 쇼크,에크모,심실보조장치(LVAD),중환자치료"
283,김영학,서울아산병원,의사,"관상동맥질환(협심증,심근경색증)"
284,김재중,서울아산병원,의사,심부전
285,김정순,서울아산병원,의사,"심장병예방 및 심장재활 클리닉,심장질환"
286,김준,서울아산병원,의사,부정맥
287,남기병,서울아산병원,의사,부정맥
288,남효정,서울아산병원,의사,"심장병예방 및 심장재활 클리닉,심장질환"
289,민선양,서울아산병원,의사,"심장질환,심장병예방 및 심장재활 클리닉"
290,박덕우,서울아산병원,의사,"관상동맥질환(협심증ㆍ심근경색증),대동맥판막스텐트치료클리닉"
291,박성욱,서울아산병원,의사,"관상동맥질환(협심증,심근경색증),동맥경화증,혈관질환"
292,박승정,서울아산병원,의사,"관상동맥질환,협심증·심근경색증,대동맥판막 스텐트치료 클리닉"
293,송재관,서울아산병원,의사,"대동맥판막 협착 클리닉,비후성 심근병증,판막질환클리닉,심장판막질환,대동맥질환,마르판클리닉"
294,송종민,서울아산병원,의사,"심장판막질환,선천성심질환,대동맥질환,마르판클리닉,폐고혈압"
295,안정민,서울아산병원,의사,"관상동맥질환(협심증,심근경색증),대동맥판막스텐트치료클리닉"
296,이사민,서울아산병원,의사,"심장판막질환,심근병증,심부전,디지털헬스케어"
297,이상언,서울아산병원,의사,"심장이식,심부전,심근병증,희귀 유전성 심장병"
298,이승아,서울아산병원,의사,"심장판막질환, 대동맥질환, 고혈압, 심장초음파, 노인성 심질환, 심근병증, 심낭질환"
299,이승환,서울아산병원,의사,"관상동맥질환(협심증,심근경색증),경동맥질환,말초혈관질환"
300,이철환,서울아산병원,의사,"관상동맥질환(협심증, 심근경색증),관상동맥스텐트치료"
301,이필형,서울아산병원,의사,"관상동맥질환, 말초혈관질환,대동맥질환(흉부,복부),만성완전폐쇄 병변"
302,조민수,서울아산병원,의사,부정맥질환
303,차명진,서울아산병원,의사,"부정맥 ,부정맥,부정맥"
304,최기준,서울아산병원,의사,부정맥
305,한기훈,서울아산병원,의사,"고지혈증,관상동맥질환,고혈압"
306,김아람,서울아산병원,의사,
307,김주현,서울아산병원,의사,"심장내과질환,관상동맥질환"
308,김태선,서울아산병원,의사,
309,김태오,서울아산병원,의사,"관상동맥질환, 말초혈관질환,심장내과질환, 관상동맥질환"
310,양유진,서울아산병원,의사,"심장내과질환,판막질환"
311,오현정,서울아산병원,의사,"심장내과질환,부정맥질환"
312,이연정,서울아산병원,의사,
313,이정훈,서울아산병원,의사,"심장내과질환,관상동맥질환"
314,이진화,서울아산병원,의사,
315,장미희,서울아산병원,의사,
316,현준호,서울아산병원,의사,"심장내과질환,심부전"
317,박진선,서울아산병원,의사,
318,박진오,서울아산병원,의사,"심장내과질환,판막질환"
319,조수지,서울아산병원,의사,
320,차승주,서울아산병원,의사,"심장내과질환,관상동맥질환"
321,최연우,서울아산병원,의사,
322,김미진,서울아산병원,의사,
323,이진호,서울아산병원,의사,
324,김호연,서울아산병원,의사,
325,이승학,서울아산병원,의사,"뇌신경재활, 말초신경손상, 뇌종양, 수줄중신경계감시, 심장재활, 소아재활, 근골격계 통증(허리통증)"
326,강필제,서울아산병원,의사,
327,김준범,서울아산병원,의사,"대동맥질환, 대동맥판막성형술, 심장판막질환, 최소침습적심장수술, 마르판클리닉, 고위험심장수술"
328,이재원,서울아산병원,의사,"성인심장 및 심장판막질환,관상동맥질환,부정맥수술,대동맥수술,심장이식,마르판클리닉,판막성형클리닉,로봇수술클리닉,비후성심근증클리닉"
329,정성호,서울아산병원,의사,"성인심장질환,심장이식,심실보조장치(LVAD),심장판막질환,관상동맥질환,최소침습적심장및대동맥수술,흉터클리닉"
330,권보상,서울아산병원,의사,"선천성심장병, 소아심장질환"
331,김동관,서울아산병원,의사,"폐암,흉부종양,비디오 흉강경수술(폐암,종격동 종양),다한증(수부,겨드랑이만 가능),흉부외상,선천성폐기형,폐이식"
332,김용희,서울아산병원,의사,"폐암,식도암,종양,비디오 흉강경수술(폐암,식도암),로봇수술(다빈치)"
333,김형렬,서울아산병원,의사,"폐암,식도암,종격동 종양,흉강경수술,로봇수술"
334,김호진,서울아산병원,의사,"관상동맥질환,심장판막질환,대동맥질환,최소침습적심장수술,경피적대동맥판막치환술,심장이식"
335,박승일,서울아산병원,의사,"폐암,기관질환,폐이식,흉부종양,비디오 흉강경수술"
336,박천수,서울아산병원,의사,"선천성심장병,소아심장외과질환,소아심장이식,소아폐이식"
337,오유나,서울아산병원,의사,
338,유재석,서울아산병원,의사,"성인심장질환,심장판막질환,최소침습적심장수술"
339,윤재광,서울아산병원,의사,
340,윤태진,서울아산병원,의사,"선천성심장병,소아심장외과질환,소아심장이식,소아폐이식"
341,이근동,서울아산병원,의사,"폐암, 간유리음영, 흉선종, 기흉, 흉부외상, 흉강경 및 로봇수술, 폐이식, 흉곽기형, Nuss수술"
342,이글라라,서울아산병원,의사,
343,정철현,서울아산병원,의사,"관상동맥질환,대동맥질환,심장판막질환 및 기타성인심장질환,GUCH클리닉(선천성성인심질환),Hybrid수술,심부전 질환의 수술적 치료:심장이식/심실보조장치(LVAD) 수술"
344,주석중,서울아산병원,의사,"대동맥질환, 대동맥 판막 및 기타 성인심장질환,마르판클리닉,대동맥질환클리닉,마르판 및 유전성 결체 조직 질환"
345,최세훈,서울아산병원,의사,"폐암,흉부종양,비디오흉강경수술(일반 폐/종격동 질환), 흉부외상, 선천성 폐기형, 폐이식"
346,최은석,서울아산병원,의사,"선천성심장병,소아심장외과질환,소아심장이식,소아폐이식,선천성심장병"
347,홍정애,서울아산병원,의사,
348,김기태,서울아산병원,의사,
349,김동희,서울아산병원,의사,"선천성심장병,소아심장외과질환,소아심장이식,소아폐이식"
350,김은지,서울아산병원,의사,
351,김홍래,서울아산병원,의사,
352,윤승근,서울아산병원,의사,
353,원종윤,서울아산병원,의사,
354,이상온,서울아산병원,의사,
355,임정현,서울아산병원,의사,
356,정재화,서울아산병원,의사,
357,최진석,서울아산병원,의사,
358,표원경,서울아산병원,의사,
359,김영훈,고려안암병원,의사,"부정맥, 심박동기, 제세동기"
360,안태훈,고려안암병원,의사,"협심증, 심혈관중재시술, 고지혈증, 고혈압, 판막질환시술, 말초혈관질환"
361,임도선,고려안암병원,의사,"협심증, 심근경색, 임상연구, 심혈관중재시술"
362,유철웅,고려안암병원,의사,"협심증, 판막질환시술, 심혈관중재시술, 말초혈관질환"
363,홍순준,고려안암병원,의사,"협심증, 심혈관중재시술, 고지혈증, 고혈압, 판막질환시술"
364,박성미,고려안암병원,의사,"협심증, 심부전, 고혈압, 여성심장질환, 심장판막질환, 심장초음파"
365,최종일,고려안암병원,의사,"부정맥, 빈맥, 서맥, 심방세동, 돌연심장마비, 실신, 유전성 심장질환, 심근병증, 심박동기, 제세동기"
366,박재형,고려안암병원,의사,"협심증, 심근경색, 고지혈증, 심혈관중재시술, 경동맥 확장시술, 성인 선천성 심질환, 고혈압"
367,심재민,고려안암병원,의사,"빈맥, 서맥, 심방세동, 급사, 심박동기, 제세동기"
368,주형준,고려안암병원,의사,"협심증, 심혈관중재시술, 고지혈증, 고혈압, 대동맥, 말초혈관질환"
369,김미나,고려안암병원,의사,"심부전, 심장이식, 심근병증, 심장판막질환, 고혈압"
370,김윤기,고려안암병원,의사,"부정맥, 심방세동, 빈맥, 심박동기, 제세동기, 실신"
371,최윤영,고려안암병원,의사,"심장질환, 고혈압, 부정맥, 심박동기, 제세동기"
372,차정준,고려안암병원,의사,"협심증, 심장질환, 고혈압, 고지혈증, 심부전, 심장판막질환"
373,김소리,고려안암병원,의사,"심장질환, 고혈압, 심부전, 심장판막질환"
374,민경진,고려안암병원,의사,"심장질환, 고혈압, 부정맥, 심박동기, 제세동기"
375,정주희,고려안암병원,의사,"심장질환, 고혈압, 부정맥, 심박동기, 제세동기"
376,임수빈,고려안암병원,의사,
377,선경,고려안암병원,의사,"심장질환, 혈관외과학, 인공심장"
378,이성호,고려안암병원,의사,"흉곽기형, 폐질환, 식도질환, 하지정맥류"
379,손호성,고려안암병원,의사,"관상동맥질환, 심장판막질환, 심장이식"
380,정재승,고려안암병원,의사,"ECMO(체외막산소화), 말초혈관질환, 심장질환, 부정맥수술, 선천성 심장수술"
381,정재호,고려안암병원,의사,"폐암, 폐전이암, 폐질환, 흉선종, 종격동질환, 기흉, 흉강경수술, 흉부외상, 하지정맥류"
382,김희중,고려안암병원,의사,"대동맥질환, 최소침습적 심장수술 (관상동맥,판막,무봉합 대동맥 판막 치환술)"
383,이은주,고려안암병원,의사,"일반흉부(폐), 폐암"
384,김정희,고려안암병원,의사,외과중환자관리
385,김지언,고려안암병원,의사,성인심장질환
386,이광형,고려안암병원,의사,"일반흉부(폐), 다한증"
387,서홍석,고려구로병원,의사,"자율신경장애를 동반한 저혈압, 고지혈증, 동맥경화"
388,박창규,고려구로병원,의사,"고혈압, 협심증, 고지혈증"
389,나승운,고려구로병원,의사,"협심증, 심근경색, 심혈관중재시술, 말초혈관클리닉"
390,김응주,고려구로병원,의사,"고혈압, 심부전, 허혈성심질환, 심장재활"
391,김진원,고려구로병원,의사,"협심증, 심근경색, 허혈성심질환, 심혈관중재시술"
392,최철웅,고려구로병원,의사,"협심증, 심근경색, 허혈성심질환, 심혈관중재시술"
393,나진오,고려구로병원,의사,"심부전, 심장판막질환, 고혈압, 수면무호흡증"
394,노승영,고려구로병원,의사,부정맥
395,김지박,고려구로병원,의사,"심근경색, 협심증, 허혈성심질환, 심혈관중재시술, 말초혈관질환, 순환기 질환"
396,최자연,고려구로병원,의사,"심장판막질환, 심근병증, 심장초음파, 심부전, 관상동맥질환"
397,강동오,고려구로병원,의사,"심근경색, 협심증, 심혈관중재시술, 허혈성심질환, 관상동맥질환"
398,백승민,고려구로병원,의사,순환기 질환
399,이규호,고려구로병원,의사,순환기 질환
400,박수형,고려구로병원,의사,심혈관질환
401,이지은,고려구로병원,의사,순환기 질환
402,최영호,고려구로병원,의사,"혈액투석로수술(동정맥수술), 기흉, 손다한증"
403,백만종,고려구로병원,의사,"심장판막증, 협심증, 심근경색, 대동맥질환, 심방세동, 심장종양"
404,김현구,고려구로병원,의사,"폐암, 식도암, 최소침습적 흉강경수술, 로봇수술, 일반흉부질환"
405,이준희,고려구로병원,의사,"일반흉부질환, 심부정맥혈전증, 말초혈관질환, 하지정맥류"
406,송우혁,고려안산병원,의사,"협심증, 심혈관중재시술, 고지혈증, 고혈압, 심근경색"
407,안정천,고려안산병원,의사,"협심증, 심혈관중재시술, 고지혈증, 고혈압, 심근경색 (흉통클리닉)"
408,김성환,고려안산병원,의사,"심장판막증, 심부전, 고지혈증, 고혈압"
409,임상엽,고려안산병원,의사,"협심증, 심혈관질환, 고지혈증, 고혈압, 심근경색"
410,김용현,고려안산병원,의사,"고혈압, 심장판막증, 심부전, 심장종양"
411,김진석,고려안산병원,의사,"부정맥, 고혈압, 심부전"
412,김선원,고려안산병원,의사,"협심증, 심근경색, 심혈관중재시술, 고지혈증, 고혈압, 실신"
413,이종석,고려안산병원,의사,"협심증, 심장판막질환, 심부전, 고혈압, 고지혈증"
414,신재승,고려안산병원,의사,"관상동맥질환, 대동맥질환, 심부전"
415,조원민,고려안산병원,의사,"심장판막질환, 협심증, 말초 혈관 질환(동맥 질환, 정맥 질환), 하지정맥류, 다한증, 흉강경 수술/로봇 수술/최소 침습 수술, 폐종양/종격동 종양/식도종양"
416,황진욱,고려안산병원,의사,"단일공 흉강경 수술/수면 흉강경 수술/로봇 흉부 수술, 폐암, 폐전이암,식도암,종격동암 수술, 기흉/늑막/농흉 수술, 늑골 골절, 흉벽 재건 수술, 오목가슴, 새가슴수술"
417,신홍주,고려안산병원,의사,"선천성 심질환, 심장판막질환, 말초혈관질환, 심부정맥혈전증, 기흉, 늑골골절, 하지정맥류 (2째)"
418,탁승제,아주대학교병원,의사,"심장혈관질환(협심증,심근경색증),심장혈관중재시술"
419,신준한,아주대학교병원,의사,"판막질환,심근경색,협심증,심부전,고혈압"
420,황교승,아주대학교병원,의사,"부정맥,심전기생리검사,전극도자절제술,인공심박동기"
421,윤명호,아주대학교병원,의사,"관상동맥질환(협심증,심근경색증),심장혈관중재시술"
422,최소연,아주대학교병원,의사,"관상동맥질환(협심증,심근경색증),심장혈관중재시술"
423,최병주,아주대학교병원,의사,"협심증,심근경색,대동맥박리증,복부대동맥류,중재시술"
424,임홍석,아주대학교병원,의사,"심장혈관질환(협심증,심근경색증),심장혈관중재시술"
425,양형모,아주대학교병원,의사,"심장혈관질환(협심증,심근경색증),심장혈관중재시술"
426,박진선,아주대학교병원,의사,"판막질환,심부전,협심증,고혈압"
427,서경우,아주대학교병원,의사,"심장혈관질환(협심증,심근경색증),심장혈관중재시술"
428,황정원,아주대학교병원,의사,"고혈압,판막질환,협심증,심부전"
429,최운정,아주대학교병원,의사,"판막질환,심부전,협심증,고혈압"
430,이광노,아주대학교병원,의사,"부정맥,전기생리검사,인공심박동기,전극도자절제술"
431,진우람,아주대학교병원,의사,"고혈압,일반심장질환"
432,소문승,아주대학교병원,의사,"고혈압,일반심장질환"
433,정훈,아주대학교병원,의사,"고혈압,일반심장질환"
434,홍유선,아주대학교병원,의사,"관상동맥질환,소아심장질환,말초혈관질환"
435,임상현,아주대학교병원,의사,"관상동맥질환,판막질환,대동맥질환"
436,함석진,아주대학교병원,의사,"폐이식,폐암,기흉,종격동종양,식도암,로봇수술,다한증(손),외상및흉통"
437,유우식,아주대학교병원,의사,"폐암,식도암,기흉,종격동종양,로봇수술,일반흉부질환"
438,정준호,아주대학교병원,의사,"폐암,종격동종양,식도암,기흉,흉부외상(단순흉통제외)"
439,김도정,아주대학교병원,의사,"성인심장질환,대동맥질환,정맥류,혈관외과질환"
440,박수진,아주대학교병원,의사,"성인심장질환,대동맥질환,정맥류,혈관외과질환"
441,조정관,전남대학교병원,의사,"부정맥, 돌연사, 실신, 심전기생리학"
442,정명호,전남대학교병원,의사,"고혈압, 협심증, 심근경색증, 동맥경화증"
443,안영근,전남대학교병원,의사,"협심증, 심근경색증, 동맥경화증, 심부전"
444,김주한,전남대학교병원,의사,"허혈성심질환, 급성심근경색증, 고혈압, 대동맥질환, 성인 선천성 심질환"
445,박형욱,전남대학교병원,의사,"부정맥, 돌연사, 실신, 심전기생리학"
446,홍영준,전남대학교병원,의사,"관상동맥질환, 관상동맥 중재술, 혈관내초음파"
447,김계훈,전남대학교병원,의사,"판막, 심부전, 고혈압"
448,윤남식,전남대학교병원,의사,"부정맥(고주파절제술, 임공심박동기), 실신, 돌연심장사(제세동기), 브루가다 증후군, 긴QT 증후군"
449,윤현주,전남대학교병원,의사,"고혈압, 동맥경화, 심장초음파, 심부전, 항암치료심독성"
450,심두선,전남대학교병원,의사,"허혈성심질환, 심근경색증, 고혈압, 대동맥질환"
451,이기홍,전남대학교병원,의사,"고혈압, 고지혈증, 부정맥, 돌연사, 실신, 심전기생리학"
452,조재영,전남대학교병원,의사,"심부전, 심장이식, 심실보조장치, 심근증, 판막질환, 고혈압, 파브리병"
453,김민철,전남대학교병원,의사,"협심증, 심근경색증, 고위험 관상동맥 중재술, 중환자의학, 체외순환보조술(에크모)"
454,김형윤,전남대학교병원,의사,"심장초음파, 심부전, 비후성심근증, 심근증, 심장판막증, 폐동맥색전증, 고혈압, 여성심혈관질환, 협심증, 대동맥질환"
455,조경훈,전남대학교병원,의사,"협심증, 심근경색증, 이상지질혈증(고지혈증), 동맥경화증"
456,이승헌,전남대학교병원,의사,"심장혈관 중재시술, 심근경색증, 협심증"
457,현대용,전남대학교병원,의사,"고혈압, 심근 경색증, 협심증"
458,정인석,전남대학교병원,의사,"선천성 심장병, ECMO"
459,이교선,전남대학교병원,의사,"성인심장질환, 대동맥질환"
460,정요천,전남대학교병원,의사,"심혈관외과, 판막질환, 부정맥"
461,김도완,전남대학교병원,의사,"중증외상 및 중환자의학, 체외순환보조술(ECMO)"
462,조화진,전남대학교병원,의사,"선천성심장병, 부정맥, 가와사키병, 심부전, 심도자술, 중환자"
463,김우식,경희대학교병원,의사,"심장초음파 및 심장영상진단, 고혈압, 심부전, 관상동맥질환, 판막질환"
464,김 원,경희대학교병원,의사,"허혈성심질환, 말초혈관질환, 동맥경화 고혈압"
465,김수중,경희대학교병원,의사,"허혈성 심장질환 (협심증, 심근경색증), 고혈압, 동맥경화증, 고지혈증"
466,김진배,경희대학교병원,의사,"부정맥, 심방 세동, 심실 빈맥, 전극도자 절제술, 인공 심장 박동기, 실신 및 급사, 스포츠 의학"
467,우종신,경희대학교병원,의사,"허혈성 심질환, 심부전, 고혈압"
468,이정명,경희대학교병원,의사,"부정맥, 전극도자 절제술, 심장내 장치 삽입"
469,정혜문,경희대학교병원,의사,"심부전, 판막 질환, 심장초음파, 심장영상, 관상동맥질환"
470,김조은,경희대학교병원,의사,"고혈압, 고지혈증, 심부전"
471,최승우,경희대학교병원,의사,"허혈성심질환, 고혈압, 고지혈증"
472,성인환,충남대학교병원,의사,"관동맥질환(협심증,심근경색증)"
473,정진옥,충남대학교병원,의사,"관동맥질환, 대동맥질환, 심부전, 대동맥판막질환"
474,최시완,충남대학교병원,의사,"동맥경화증, 고혈압, 고지혈증, 가슴통증, 협심증, 심근경색증, 대동맥류, 관상동맥질환, 대동맥질환, 경동맥질환, 다리동맥질환"
475,박재형,충남대학교병원,의사,"심초음파, 심장판막질환, 심부전, 심낭질환, 대동맥질환, 폐동맥고혈압, 폐고혈압, 일반심장질환"
476,김준형,충남대학교병원,의사,"부정맥, 인공심박동기, 제세동기, 실신"
477,송필상,충남대학교병원,의사,"허혈성심질환(협심증, 심근경색증), 대동맥 및 말초동맥질환, 구조심질환, 당뇨병발궤양"
478,안계택,충남대학교병원,의사,"심초음파, 심부전, 고혈압, 관동맥질환"
479,선병주,충남대학교병원,의사,"심초음파, 심장판막질환, 고혈압, 심부전증"
480,진선아,충남대학교병원,의사,"고혈압, 고지혈증, 심부전, 관동맥질환"
481,성석우,충남대학교병원,의사,"관동맥질환(협심증,심근경색증), 말초혈관질환"
482,김미주,충남대학교병원,의사,"심장 중환자, 심부전,고혈압"
483,권희진,충남대학교병원,의사,"부정맥, 인공심박동기, 제세동기, 심장 재동기화 치료, 실신"
484,유재현,충남대학교병원,의사,"소아 및 선천성심장외과, 다한증, 기흉, 오목가슴클리닉"
485,강신광,충남대학교병원,의사,"성인심장외과, 관상동맥외과, 혈관외과, 하지정맥류"
486,강민웅,충남대학교병원,의사,"흉부종양외과, 흉강경수술(폐종양)"
487,조현진,충남대학교병원,의사,"일반흉부외과, 흉부종양외과(폐·식도)"
488,한우식,충남대학교병원,의사,"성인심장외과, 관상동맥, 판막질환, 대동맥 외과"
489,심만식,충남대학교병원,의사,"성인심장외과, 관상동맥, 판막질환, 대동맥 외과"
490,한성준,충남대학교병원,의사,"일반흉부외과, 흉부종양외과(폐 · 식도)"
491,정유영,충남대학교병원,의사,"흉부종양외과 (폐, 식도, 종격동), 흉강경수술, 로봇수술, 기흉, 다한증"
492,이연주,충남대학교병원,의사,"성인심장외과, 판막,대동맥,관상동맥 질환, 말초혈관 질환"
493,한종희,충남대학교병원,의사,"일반흉부, 하지정맥류, 다한증"
494,홍택종,부산대학교병원,의사,"협심증, 심근경색, 고혈압, 심부전, 부정맥"
495,차광수,부산대학교병원,의사,"협심증,심근경색증,고혈압,심부전,부정맥"
496,이한철,부산대학교병원,의사,"대동맥질환,심장판막 중재적시술,협심증,심근경색증,말초혈관질환"
497,최정현,부산대학교병원,의사,"폐고혈압 클리닉 심장판막질환,심근증,성인선천성심기형,폐동맥고혈압,심부전,고혈압"
498,오준혁,부산대학교병원,의사,"고혈압, 협심증, 심근경색,심장판막 시술"
499,이혜원,부산대학교병원,의사,"말기심부전 및 심장이식, 좌심실보조장치(LVAD), 협심증,심근경색,고혈압"
500,박진섭,부산대학교병원,의사,"심장혈관중재시술(협심증, 심근경색), 고지혈증, 고혈압, 심부전"
501,안진희,부산대학교병원,의사,"부정맥, 실신, 돌연심장마비, 심박동기, 유전성 및 기타심장질환"
502,이선학,부산대학교병원,의사,"고혈압, 심부전, 심근증, 고혈압, 심장초음파"
503,최정천,부산대학교병원,의사,"심장병 예방, 협심증, 심근경색증, 고혈압, 심부전, 고지혈증"
504,심인경,부산대학교병원,의사,"심장판막질환, 고혈압, 심부전"
505,봉우리,부산대학교병원,의사,"고혈압, 술전평가, 심부전"
506,이형석,부산대학교병원,의사,"고혈압, 빈맥, 두근거림, 술전 심장평가"
507,정성운,부산대학교병원,의사,"혈관외과 : 동맥질환, 하지정맥류, 복부대동맥류, 동정맥루(혈액투석), 심부정맥혈전증"
508,김영대,부산대학교병원,의사,"폐질환, 흉강경수술, 일반흉부, 외상"
509,이호석,부산대학교병원,의사,"폐, 식도, 흉벽, 종격동, 다한증, 흉강경, 로봇수술"
510,조정수,부산대학교병원,의사,"폐암,흉막질환,종격동질환, 흉강경수술, 폐이식, 식도종양"
511,송승환,부산대학교병원,의사,"심장이식 ,인공심장, 심장판막질환(최소 침습수술), 관상동맥질환"
512,이충원,부산대학교병원,의사,"혈관외과 : 동맥질환, 하지정맥류, 복부대동맥류, 심부정맥혈전증"
513,안효영,부산대학교병원,의사,"식도종양(로봇수술), 종격동종양, 흉벽질환, 다한증, 폐질환"
514,배미주,부산대학교병원,의사,"혈관외과 : 혈액투석을 위한 동정맥루, 혈관초음파, 복부대동맥류, 말초혈관질환, 버거씨병, 레이노병"
515,김민수,부산대학교병원,의사,"심장판막질환, 관상동맥수술, 대동맥질환, 체외순환보조장치(ECMO)"
516,허업,부산대학교병원,의사,"혈관외과 : 경동맥질환,캐모포트,동맥질환,복부대동맥,하지정맥류,심부정맥혈전증"
517,강진호,강북삼성병원,의사,"관상동맥질환, 심장중재술, 심장판막질환, 인공심장박동기"
518,김범수,강북삼성병원,의사,"관상동맥질환, 심장중재술"
519,성기철,강북삼성병원,의사,"관상동맥질환, 심장중재술, 심장판막질환, 인공심장박동기"
520,김병진,강북삼성병원,의사,"관상동맥질환, 심장중재술, 심장판막질환, 인공심장박동기"
521,이종영,강북삼성병원,의사,"관상동맥질환(협심증, 심근경색), 말초혈관질환, 심장 및 혈관중재술, 심장재활 "
522,이성호,강북삼성병원,의사,"부정맥,  심방세동, 실신, 심장돌연사, 인공심장박동기, 제세동기"
523,최효인,강북삼성병원,의사,"심부전, 심장판막질환, 심장이식, 고혈압, 고지혈증"
524,이승재,강북삼성병원,의사,순환기계 질환 
525,오병길,강북삼성병원,의사,
526,김현아,강북삼성병원,의사,
527,오태윤,강북삼성병원,의사,"폐암, 식도암, 일반흉부외과, 흉강내시경수술(기흉), 다한증(손, 발, 머리, 겨드랑이), 흉부결핵성질환, 종격동종양"
528,강두영,강북삼성병원,의사,"폐암, 식도암, 기흉, 오목가슴, 새가슴, 일반흉부외과, 다한증(손, 겨드랑이), 흉부결핵성질환, 종격동종양, 흉강내시경 수술"
529,정의석,강북삼성병원,의사,"관상동맥 질환, 대동맥 질환, 성인 심장수술(말초혈관 질환 제외)"
530,김정원,강북삼성병원,의사,"관상동맥질환, 대동맥질환, 심장판막질환, 최소침습수술, 성인심장수술 "
531,오주현,삼성창원병원,의사,"심근경색, 협심증, 심부전, 고혈압, 고지혈증"
532,천우정,삼성창원병원,의사,"심근경색, 협심증, 심부전, 고혈압, 고지혈증, 구조적 심장질환"
533,박용환,삼성창원병원,의사,"대동맥, 말초혈관질환, 심근경색, 협심증, 심부전, 고혈압"
534,이미래,삼성창원병원,의사,"심장판막질환, 선천성 심장질환, 심비대, 폐동맥고혈압"
535,곽혜빈,삼성창원병원,의사,"부정맥, 실신, 인공심장박동기, 심장돌연사"
536,김민선,삼성창원병원,의사,"심부전, 심장판막질환, 선천성 심장질환, 심장막질환"
537,박익현,삼성창원병원,의사,"심근경색, 협심증, 심부전, 고혈압, 고지혈증"
538,김한용,삼성창원병원,의사,"혈관질환, 대동맥질환, 정맥류, 흉부외상, 심장질환, 일반흉부"
539,황상원,삼성창원병원,의사,"폐.식도암, 일반흉부(흉부종양), 흉부외상, 다한증, 로봇수술, 하지정맥"
540,박재홍,삼성창원병원,의사,"폐, 식도암, 일반흉부, 흉부외상, 다한증"
541,김명영,삼성창원병원,의사,"심장질환, 대동맥질환, 흉부외상"
542,이홍순,인제대학교서울백병원,의사,"고혈압, 심장질환, 부정맥"
543,나종천,인제대학교서울백병원,의사,"협심증,심근경색,부정맥,고혈압,심부전"
544,김병옥,인제대학교상계백병원,의사,"심혈관중재시술, 협심증, 동맥경화증, 고혈압"
545,변영섭,인제대학교상계백병원,의사,"심부전,고지혈증,동맥경화성질환, 고혈압, 판막질환, 심초음파"
546,이혜영,인제대학교상계백병원,의사,"부정맥,실신,심장박동기"
547,김광실,인제대학교상계백병원,의사,"고혈압, 고지혈증, 협심증/심근경색증, 심혈관중재시술, 하지동맥/정맥 질환"
548,이재훈,인제대학교상계백병원,의사,"관상동맥, 대동맥, 판막질환(판막성형), 부정맥, 최소절개심장수술, 말초혈관, 정맥류"
549,김철,인제대학교상계백병원,의사,"근골격계질환(오십견, 목,허리디스크, 퇴행성척추질환, 관절염), 말초신경통, 뇌졸중재활, 심장재활, 림프부종"
550,김병규,인제대학교상계백병원,의사,"심혈관중재시술, 협심증, 하지혈관질환, 심부 정맥 혈전증, 고혈압, 심부전 (첫째주 토요진료)"
551,진무년,인제대학교상계백병원,의사,"부정맥, 심방세동, 전극도자절제술 및 냉각풍선절제술, 심장박동기, 심장재동기화 치료"
552,서종권,인제대학교상계백병원,의사,"심혈관중재시술, 말초혈관질환, 협심증, 심부전, 대동맥 및 판막질환"
553,이성윤,인제대학교일산백병원,의사,"협심증, 심근경색, 관상동맥, 심부전, 고혈압, 스텐트 시술"
554,남궁준,인제대학교일산백병원,의사,"부정맥, 인공심박동기, 심부전"
555,도준형,인제대학교일산백병원,의사,"협심증, 심근경색, 관상동맥, 대동맥, 혈관질환, 대동맥 판막협착증"
556,권성욱,인제대학교일산백병원,의사,"협심증, 심근경색, 관상동맥 질환, 심부전, 고혈압, 고지혈증, 판막질환, 폐동맥 고혈압"
557,곽재진,인제대학교일산백병원,의사,"부정맥, 인공심박동기"
558,신윤철,인제대학교일산백병원,의사,"관상동맥, 판막, 대동맥, 말초동맥, 선천성심질환, 흉부외상"
559,황지원,인제대학교일산백병원,의사,"심부전증,고혈압,판막질환,선천성심질환"
560,조성우,인제대학교일산백병원,의사,"협심증, 심근경색, 심부전, 고혈압, 고지혈증, 판막질환"
561,김학주,인제대학교일산백병원,의사,"대동맥, 말초혈관, 판막, 관상동맥, 선천성심질환, 흉부외상"
562,김동수,인제대학교부산백병원,의사,"심혈관질환,고혈압,심부전,동맥경화증"
563,김대경,인제대학교부산백병원,의사,"심혈관질환,부정맥(심방세동),실신,급사예방,심 박동기"
564,양태현,인제대학교부산백병원,의사,"심혈관 및 하지혈관질환, 대동맥질환, 중재적시술"
565,장재식,인제대학교부산백병원,의사,"심혈관질환,고혈압, 부정맥, 심부전, 혈관중재시술, 동맥경화증"
566,서정숙,인제대학교부산백병원,의사,"고혈압,심부전,심초음파,판막질환,선천성심질환"
567,진한영,인제대학교부산백병원,의사,"심혈관질환,고혈압,중재적시술,하지혈관질환,대동맥 질환"
568,박영아,인제대학교부산백병원,의사,"심혈관질환, 부정맥(심방세동), 실신, 급사예방, 심박동기"
569,이양행,인제대학교부산백병원,의사,"혈관외과,흉강경수술,폐암수술"
570,한일용,인제대학교부산백병원,의사,"심장, 관상동맥, 대동맥, 말초혈관 수술"
571,윤유상,인제대학교부산백병원,의사,"폐식도외과 폐암, 식도암, 종격동암, 흉부종양, 흉강경 수술, 로봇수술, 기흉, 흉곽기형"
572,위진홍,인제대학교부산백병원,의사,"심장/대동맥수술, 혈관수술, 흉부외상"
573,이성광,인제대학교부산백병원,의사,"폐암 , 흉부종양 , 흉강경수술 , 로봇수술 , 일반흉부"
574,김두일,인제대학교해운대백병원,의사,"협심증(흉통), 심근경색, 고혈압, 심부전, 심장판막질환"
575,설상훈,인제대학교해운대백병원,의사,"고혈압, 심부전, 심초음파, 판막 및 선천성 심질환, 흉통"
576,김기훈,인제대학교해운대백병원,의사,"부정맥(두근거림), 실신 및 돌연사, 심부전, 고혈압"
577,김동기,인제대학교해운대백병원,의사,"협심증, 심근경색증, 말초동맥질환, 대동맥질환, 고혈압"
578,김승환,인제대학교해운대백병원,의사,"협심증, 심근경색증, 말초동맥질환, 대동맥질환, 고혈압"
579,송여정,인제대학교해운대백병원,의사,"협심증, 심근경색증, 심부전, 고혈압, 말초동맥질환"
580,송민섭,인제대학교해운대백병원,의사,"가와사키병, 소아심장질환, 후천성심장질환, 흉통, 실신, 두근거림, 부정맥, 고혈압, 심장초음파"
581,황윤호,인제대학교해운대백병원,의사,"폐식도외과, 흉부종양, 다한증, 흉벽기형, 흉강경 및 로봇수술, 심장혈관"
582,강도균,인제대학교해운대백병원,의사,"폐식도외과, 일반흉부, 흉강경수술"
583,강민균,인제대학교해운대백병원,의사,"폐식도외과, 일반흉부, 흉강경수술"
584,허운,인제대학교해운대백병원,의사,"대동맥 및 말초혈관질환, 성인심장, 관상동맥질환"
585,장우익,인제대학교해운대백병원,의사,"성인심장, 판막질환, 관상동맥질환, 대동맥질환"
586,정상만,건국대학교병원,의사,"고혈압, 심부전, 판막질환"
587,황흥곤,건국대학교병원,의사,"고혈압, 협심증, 판막질환"
588,김현중,건국대학교병원,의사,"고혈압, 심부전, 판막질환, 관상동맥질환, 두근거림"
589,김성해,건국대학교병원,의사,"희귀질환클리닉, 고혈압, 협심증, 심부전, 가슴통증, 두근거림"
590,양현숙,건국대학교병원,의사,"심부전, 성인선천성심질환, 심장판막질환, 폐동맥고혈압"
591,권창희,건국대학교병원,의사,"부정맥, 실신, 돌연사, 심박동기, 제세동기"
592,김범성,건국대학교병원,의사,"고혈압, 심부전, 협심증, 판막질환"
593,장하성,건국대학교병원,의사,"고혈압, 심부전, 협심증, 판막질환"
594,신제균,건국대학교병원,의사,"판막질환, 대동맥질환, 관상동맥질환"
595,지현근,건국대학교병원,의사,"관상동맥질환, 판막질환, 심부전, 심장이식"
596,김준석,건국대학교병원,의사,"관상동맥질환, 대동맥질환, 판막질환, 하지정맥류, 로봇수술"
597,손재성,건국대학교병원,의사,"선천성심장기형, 가와사키병, 흉통, 실신"
598,박상우,건국대학교병원,의사,"말초혈관 및 대동맥질환의 비수술적 치료, 비혈관 폐쇄성질환의 비수술적 치료"
599,황진호,건국대학교병원,의사,"말초동정맥 비수술적 치료, 하지정맥류 치료, 혈액투석 동정맥루 치료, 각종 색전술 및 배액술"
600,김태엽,건국대학교병원,의사,"심폐마취, 이식마취"
601,김성협,건국대학교병원,의사,"심폐마취, 중환자관리, 노인마취"
602,강운석,건국대학교병원,의사,"소아심장마취, 외래마취"
603,오충식,건국대학교병원,의사,심폐마취
604,전국진,양산부산대학교병원,의사,"협심증,심근경색,심부전,기타혈관질환"
605,김준홍,양산부산대학교병원,의사,"협심증, 심근경색, 심부전, 판막질환"
606,제형곤,양산부산대학교병원,의사,"최소침습 심장수술, 심장판막수술, 로봇심장수술, 판막성형수술클리닉"
607,박용현,양산부산대학교병원,의사,"심부전,협심증,심근경색증,심장판막질환,고혈압,선천성심질환,심장초음파"
608,김정수,양산부산대학교병원,의사,"협심증,심근경색,심부전,대동맥/동맥질환,말초혈관질환,심부정맥혈전,판막질환"
609,천민구,양산부산대학교병원,의사,"대동맥·동맥질환, 말초혈관질환, 순환기계문제로인한실신과현기증"
610,황기원,양산부산대학교병원,의사,"부정맥(빈맥,서맥),심계항진,순환기계문제로인한실신과현기증,기립성저혈압,인공심박동기,전기생리학검사 및 전극도자절제술"
611,이상현,양산부산대학교병원,의사,"고혈압,협심증,심부전,부정맥(빈맥,서맥),심계항진,순환기계문제로인한실신과현기증"
612,이수용,양산부산대학교병원,의사,"심부전,말기심부전,심장이식,좌심실보조장치(lvad),심장중환자,에크모(ECMO)"
613,주민호,양산부산대학교병원,의사,"최소침습 심장수술, 심장판막수술, 로봇심장수술,판막성형수술클리닉"
614,최진희,양산부산대학교병원,의사,"부정맥,가슴두근거림,실신,돌연사,심박동기,제세동기,심장재동기화치료"
615,이치훈,양산부산대학교병원,의사,"대동맥수술, 판막수술, 관상동맥우회술"
616,정순명,양산부산대학교병원,의사,"협심증,심근경색,심부전,판막질환,미주신경성실신,두근거림,일반적인 순환기질환"
617,임미희,양산부산대학교병원,의사,"대동맥수술, 판막수술, 관상동맥우회술"
618,우승훈,양산부산대학교병원,의사,"족부족관절외과(인공관절,관절경,외상),발목및발의변형,당뇨발"
619,이형두,부산대학교어린이병원,의사,"선천성심장병,중재적심도자술,태아심장,성인선천성심장병"
620,성시찬,부산대학교어린이병원,의사,선천성심장병
621,김형태,부산대학교어린이병원,의사,소아 흉부외과
622,최광호,부산대학교어린이병원,의사,소아 흉부외과
623,고훈,부산대학교어린이병원,의사,"선천성심장병, 가와사키질환, 중재적심도자술"
624,변정희,부산대학교어린이병원,의사,"선천성심장병, 가와사키병, 부정맥, 심장이식"
625,김태홍,부산대학교어린이병원,의사,"선천성심장병(태아~성인),중재적 심도자술, 가와사키병"
626,채인호,분당서울대학교병원,의사,"협심증, 심근경색, 대동맥 및 말초혈관질환"
627,김철호,분당서울대학교병원,의사,"노인병, 고혈압, 심장질환"
628,김광일,분당서울대학교병원,의사,"노인병, 노인심장, 혈관노화, 고혈압, 성인심장질환"
629,송영환,분당서울대학교병원,의사,"소아심장질환(선천성 심장 질환), 부정맥, 청색증, 심잡음, 산모 태아 초음파, 가와사키병, 실신, 흉통"
630,최동주,분당서울대학교병원,의사,"심부전, 고혈압, 관상동맥질환"
631,조구영,분당서울대학교병원,의사,"심부전, 판막질환, 선천성심질환, 폐고혈압, 심근증"
632,연태진,분당서울대학교병원,의사,"협심증, 심근경색증, 관상동맥중재시술"
633,서정원,분당서울대학교병원,의사,"협심증,심근경색,심부전"
634,윤창환,분당서울대학교병원,의사,"관상동맥질환, 혈관질환, 고혈압"
635,오일영,분당서울대학교병원,의사,부정맥
636,박진주,분당서울대학교병원,의사,"심부전 (심장이식), 고혈압, 협심증"
637,윤연이,분당서울대학교병원,의사,"심부전, 판막질환, 선천성심질환, 고혈압"
638,조영진,분당서울대학교병원,의사,"부정맥, 성인순환기질환"
639,이원재,분당서울대학교병원,의사,외국인 환자 진료
640,강시혁,분당서울대학교병원,의사,"협심증, 심근경색, 급성심정지"
641,이지현,분당서울대학교병원,의사,"심방세동, 발작성 빈맥, 심박동기, 제세동기, 심장재동기화치료, 심정지, 기타 부정맥, 고주파 전극도자 절제술, 냉각풍선 절제술"
642,전기현,분당서울대학교병원,의사,"협심증, 심근경색, 대동맥질환, 고지혈증"
643,황인창,분당서울대학교병원,의사,"심부전, 판막질환, 선천성심질환, 고혈압"
644,조형원,분당서울대학교병원,의사,"심인성쇼크, 심근경색증, 심장혈관 중재시술, 심혈관계 중환자"
645,문미길,분당서울대학교병원,의사,성인 순환기 질환(조영술 불가)
646,이태승,분당서울대학교병원,의사,"대동맥질환(복부대동맥류), 하지동맥경화, 혈액투석관련질환, 신장이식"
647,박계현,분당서울대학교병원,의사,"성인심장수술, 관상동맥질환, 대동맥질환"
648,임청,분당서울대학교병원,의사,"성인 및 소아심장혈관외과, 로봇심장수술"
649,김준성,분당서울대학교병원,의사,"성인심장수술, 혈관수술"
650,장형우,분당서울대학교병원,의사,"중환자의학, 심혈관외과 중환자 진료"
651,이재항,분당서울대학교병원,의사,"성인심혈관외과, 대동맥 수술 및 중재시술, 말초혈관 수술 및 중재시술, 하이브리드 수술"
652,손봉연,분당서울대학교병원,의사,"하지정맥류,동정맥루수술,일반 심장혈관외과"
653,최원석,분당서울대학교병원,의사,"심부전, 판막질환, 선천성심질환, 고혈압"
654,전상훈,분당서울대학교병원,의사,"폐암, 식도암, 종격동 종양, 폐이식"
655,김관민,분당서울대학교병원,의사,"폐암, 식도암, 흉선암, 폐이식"
656,조석기,분당서울대학교병원,의사,"폐암, 식도암, 종격동 종양"
657,전재현,분당서울대학교병원,의사,"폐암/식도암/종격동종양, 최소침습수술(흉강경 등)"
658,김동중,분당서울대학교병원,의사,중환자의학
659,황유화,분당서울대학교병원,의사,"폐암, 식도암, 종격동 종양, 기흉, 소아 폐질환, 흉강경 수술, 폐이식"
660,정우현,분당서울대학교병원,의사,폐암 / 식도암/ 종격동암 / 기흉 / 다한증 / 함몰흉 (오목가슴) / 농흉 / 선천성 폐질환
661,박만원,카톨릭대학교 대전성모병원,의사,"경피적 대동맥판막 삽입술 (타비: TAVI), 협심증, 심근경색, 말초동맥, 구조적 심장질환, 대동맥 및 경동맥질환, 고혈압"
662,조정선,카톨릭대학교 대전성모병원,의사,"심장초음파, 심장영상, 심장판막질환, 심부전, 선천성 심질환, 폐동맥고혈압"
663,김태석,카톨릭대학교 대전성모병원,의사,"부정맥, 실신, 심장돌연사, 전기생리학적검사, 고주파전극도자절제술, 인공심박동기, 삽입형제세동기"
664,김대원,카톨릭대학교 대전성모병원,의사,"관상동맥질환 (심근경색, 협심증), 복합·고위험 관상동맥 중재술, 관상동맥 완전폐색병변, 대동맥 질환 및 말초혈관질환 중재시술, 심부전, 고혈압"
665,이규섭,카톨릭대학교 대전성모병원,의사,"협심증, 심근경색, 말초동맥질환, 고혈압, 심부전"
666,이면희,카톨릭대학교 대전성모병원,의사,"협심증, 심근경색, 말초동맥질환, 고혈압, 심부전"
667,이종호,카톨릭대학교 대전성모병원,의사,"심혈관, 흉복부대동맥, 경동맥, 상하지 말초혈관질환, 정맥질환, 폐질환, 흉강경치료, 폐암, 식도암"
668,권종범,카톨릭대학교 대전성모병원,의사,"심장수술(관상동맥 및 판막수술) 비디오 흉강경 수술, 정맥류 질환, 다한증"
669,전두수,카톨릭대학교 인천성모병원,의사,"협심증, 심근경색증, 대동맥질환, 대동맥판막협착 타비(TAVI) 시술"
670,김미정,카톨릭대학교 인천성모병원,의사,"심장판막증, 심부전, 고혈압, 폐동맥고혈압, 심장초음파"
671,최익준,카톨릭대학교 인천성모병원,의사,"말초혈관질환, 당뇨발, 대동맥질환, 대동맥판막협착 타비(TAVI) 시술, 협심증, 심근경색증"
672,이동재,카톨릭대학교 인천성모병원,의사,"협심증, 심근경색증, 심부전, 심장재활, 고혈압, 고지혈증"
673,변재호,카톨릭대학교 인천성모병원,의사,"협심증, 심근경색증, 관상동맥중재술, 심부전, 고혈압"
674,윤정섭,카톨릭대학교 인천성모병원,의사,"성인심장질환수술, 대동맥 및 혈관수술, 로봇수술, 여성 기흉, 심장이식, VAD(심실보조장치), 에크모(ECMO)"
675,박찬범,카톨릭대학교 인천성모병원,의사,"심장판막수술, 관상동맥우회로술, 대동맥수술, 심장종양수술, 에크모(ECMO), 레이저 하지정맥류수술, 식도수술, 폐암, 종격동종양, 난치성재발성기흉, 동정맥조성술"
676,정진용,카톨릭대학교 인천성모병원,의사,"폐암, 식도암, 로봇수술, 오목가슴, 다한증, 하지정맥류"
677,서종희,카톨릭대학교 인천성모병원,의사,"폐암, 식도암, 종격동 종양, 청소년 기흉, 흉벽질환, 흉부외상 및 손상, 로봇수술"
678,김도연,카톨릭대학교 인천성모병원,의사,"성인심장질환수술,대동맥 및 혈관수술, 투석혈관, 에크모(ECMO)치료, 로봇수술, 흉부외상 및 중환자"
679,이지윤,카톨릭대학교 인천성모병원,의사,"일반 흉부, 흉부 외상, 기흉, 흉벽 질환, 종격동 종양, 폐암, 식도암"
680,김영대,동아대학교병원,의사,"관상동맥질환, 심부전, 심근질환"
681,김무현,동아대학교병원,의사,"관상동맥질환, 순환기"
682,박태호,동아대학교병원,의사,"순환기, 판막질환, 폐동맥고혈압"
683,박종성,동아대학교병원,의사,"순환기, 부정맥(두근거림, 실신, 심장마비, 인공심박기)"
684,박경일,동아대학교병원,의사,"관상동맥질환, 협심증, 고혈압, 여성심장"
685,조용락,동아대학교병원,의사,"순환기, 말초혈관, 대동맥질환"
686,임경희,동아대학교병원,의사,"순환기, 심부전, 심근질환, 성인선천성심질환"
687,조윤성,동아대학교병원,의사,
688,조수아,동아대학교병원,의사,
689,조광조,동아대학교병원,의사,"혈관 및 대동맥 질환, 장기이식, 성인심장질환, 소아심장"
690,방정희,동아대학교병원,의사,"혈관질환, 다한증, 성인심장질환"
691,정상석,동아대학교병원,의사,"폐암, 식도종양(로봇수술), 종격동질환, 체외순환보조장치(ECMO)"
692,이정훈,동아대학교병원,의사,"폐암, 폐질환, 흉부외상, 다한증"
693,윤성실,동아대학교병원,의사,"성인심장질환, 혈관 및 대동맥질환"
694,김권배,계명대학교 동산병원,의사,"관상동맥질환, 중재시술, 고혈압, 심부전"
695,허승호,계명대학교 동산병원,의사,"관상동맥질환, 중재시술, 고혈압, 심부전"
696,한성욱,계명대학교 동산병원,의사,"부정맥, 심방세동, 심실빈맥, 도자절제술, 영구심박동기, 고혈압, 심부전"
697,남창욱,계명대학교 동산병원,의사,"관상동맥질환, 중재시술, 고혈압, 심부전"
698,김형섭,계명대학교 동산병원,의사,"심장초음파, 심부전, 고혈압, 심장판막질환"
699,윤혁준,계명대학교 동산병원,의사,"관상동맥질환, 심부전, 고혈압, 중재시술"
700,박형섭,계명대학교 동산병원,의사,"부정맥,전기생리학적검사,도자절제술,영구심박동기,삽입형 제세동기,심부전"
701,조윤경,계명대학교 동산병원,의사,"관상동맥질환, 심부전, 고혈압, 중재시술"
702,김인철,계명대학교 동산병원,의사,"심장초음파, 심장이식, 중재시술, 심부전, 고혈압, 심장판막질환"
703,이철현,계명대학교 동산병원,의사,"말초혈관질환, 관상동맥질환, 중재시술, 고혈압, 심부전"
704,황종민,계명대학교 동산병원,의사,"부정맥, 전기생리적검사, 도자절제술, 영구심박동기, 고혈압, 심부전"
705,이희정,계명대학교 동산병원,의사,심장질환
706,금동윤,계명대학교 동산병원,의사,"폐, 식도질환 및 흉강경수술, 다한증(손,겨드랑이,머리), 흉골 늑골좌상"
707,박남희,계명대학교 동산병원,의사,"판막질환, 관상동맥질환, 대동맥질환, 부정맥"
708,김재현,계명대학교 동산병원,의사,"대동맥질환(수술, 스텐트), 최소절개 심장수술(판막, 부정맥), 관상동맥질환"
709,김재범,계명대학교 동산병원,의사,"중환자의학, 외상학"
710,장우성,계명대학교 동산병원,의사,"소아심장질환, 소아심장이식, 심장이식, 좌심실보조장치, 관상동맥질환"
711,김윤석,계명대학교 동산병원,의사,"판막질환,관상동맥질환,대동맥질환,부정맥"
712,채민철,계명대학교 동산병원,의사,"폐, 식도질환 및 흉강경수술, 다한증(손,겨드랑이,머리), 흉골 늑골좌상"
713,이명용,단국대학교병원,의사,"순환기, 부정맥"
714,박병은,단국대학교병원,의사,"순환기, 협심증, 심근경색, 관상동맥질환"
715,강태수,단국대학교병원,의사,"순환기, 심근경색, 협심증, 말초혈관질환"
716,임성훈,단국대학교병원,의사,"순환기, 허혈성 심장질환, 심부전, 고혈압, 심근경색"
717,김동민,단국대학교병원,의사,"순환기, 두근거림, 실신, 심방세동(빠른/느린), 부정맥, 고주파절제술, 심장박동기, 심부전(박동기치료)"
718,조성수,단국대학교병원,의사,"순환기, 심근경색, 협심증, 말초혈관질환"
719,이수연,단국대학교병원,의사,"순환기, 심부전, 판막질환, 고혈압"
720,정영학,단국대학교병원,의사,"순환기, 심근경색, 협심증, 말초혈관질환"
721,이순일,단국대학교병원,의사,고형암
722,박건우,단국대학교병원,의사,"혈액질환, 고형종양"
723,임도형,단국대학교병원,의사,"일반혈액질환, 혈액암, 고형암"
724,이한상,단국대학교병원,의사,"일반혈액질환, 혈액암, 고형종양, *수(오후15:00~17:00) 자문형 호스피스"
725,유재욱,단국대학교병원,의사,"하지정맥류, 대동맥질환, 혈관수술(동정맥루수술)"
726,류경민,단국대학교병원,의사,"흉강경수술, 흉부외상, 폐암, 식도질환"
727,장성욱,단국대학교병원,의사,흉부외과중증외상환자에 한함(권역외상센터)
728,마대성,단국대학교병원,의사,흉부외과 중증외상환자에 한함(권역외상센터)
729,노동섭,단국대학교병원,의사,흉부외과중증외상환자에 한함(권역외상센터)
730,신진호,서울한양대학교병원,의사,"심혈관중재술, 심초음파, 심혈관질환 예방"
731,임영효,서울한양대학교병원,의사,"심혈관 및 대동맥 중재시술, 관상동맥질환(협심증, 심근경색), 대동맥 및 말초동맥질환, 고혈압, 심부전"
732,박진규,서울한양대학교병원,의사,"부정맥 (상심실성빈맥, 심방세동, 심실빈맥, 서맥), 급사, 실신, 전기생리학검사 및 전극도자절제술, 심박동기, 삽입형 제세동기, 심장재동기화 치료"
733,허란,서울한양대학교병원,의사,"판막질환, 심부전, 심근병증, 폐고혈압, 심초음파"
734,김우현,서울한양대학교병원,의사,"관상 동맥 질환(협심증, 심근경색), 말초 혈관 질환(동맥, 정맥), 대동맥 질환, 심혈관 및 말초 혈관 중재시술"
735,이재원,서울한양대학교병원,의사,일반 심장내과질환
736,국형돈,서울한양대학교병원,의사,"심혈관 질환, 대동맥 판막 협착증, 말초 혈관 질환, 대동맥 질환, 심혈관 중재시술, 경도관 대동맥 판막 치환술"
737,박병배,서울한양대학교병원,의사,"림프종, 다발성골수종, 두경부종양, 뇌종양, 비뇨생식계종양, 육종, 흑색종, 희귀암"
738,엄지은,서울한양대학교병원,의사,"조혈모세포이식, 급성백혈병, 골수이형성증, 재생불량성빈혈 및 기타 혈액질환"
739,김영학,서울한양대학교병원,의사,"선천성 심장 질환,관상동맥 질환,심장이식"
740,김혁,서울한양대학교병원,의사,"심장판막질환, 대동맥질환, 선천성 심장 질환,흉강경 수술, 일반 폐질환,"
741,정원상,서울한양대학교병원,의사,"폐 및 식도 질환,종격동ㆍ흉강경 수술,폐이식"
742,장효준,서울한양대학교병원,의사,"폐암, 식도암, 종격동 종양, 기흉, 다한증, 흉강경 수술, 로봇 수술"
743,이준호,서울한양대학교병원,의사,"대동맥 질환, 관상동맥 질환, 심장판막 질환, 심부전, 선천성 심장 질환, 에크모, 심장이식, 인공심장, 흉부외상"
744,정용호,서울한양대학교병원,의사,"폐암, 식도암, 종격동 종양, 기흉, 흉부외상, 흉강경수술, 로봇수술"
745,신동구,영남대학교병원,의사,"부정맥, 심부전증, 인공심장박동기 및 제세동기 치료"
746,박종선,영남대학교병원,의사,"관상동맥질환, 고혈압, 고지혈증"
747,김웅,영남대학교병원,의사,"관상동맥질환(협심증,심근경색증), 말초혈관질환, 대동맥질환, 판막질환시술(TAVR), 고혈압, 고지혈증"
748,손장원,영남대학교병원,의사,"심부전, 심장판막질환, 심근질환, 폐동맥질환, 심막질환, 성인 선천성 심장질환, 희귀질환"
749,이찬희,영남대학교병원,의사,"부정맥, 심부전증, 전기 생리 검사, 인공 심장 박동기 및 제세동기 치료"
750,이중희,영남대학교병원,의사,"심혈관 중재시술, 심근경색, 관상동맥질환, 말초혈관질환, 대동맥 질환, 고혈압, 고지혈증"
751,남종호,영남대학교병원,의사,"심부전, 심장판막질환, 심근질환, 폐동맥질환, 심막질환, 성인 선천성 심장질환, 관상동맥질환, 고혈압, 고지혈증"
752,박종일,영남대학교병원,의사,
753,이정철,영남대학교병원,의사,"일반흉부질환, 폐암 및 식도암 수술, 흉강경수술"
754,이장훈,영남대학교병원,의사,"일반흉부질환, 폐암, 식도암 수술, 종격동종양, 늑막질환(기흉), 흉부외상 및 중환자관리, 흉강경수술"
755,이동협,영남대학교병원,의사,"심장판막질환, 관상동맥우회술, 대동맥질환, 심방세동제거술"
756,정태은,영남대학교병원,의사,소아 및 성인심장수술
757,백종현,영남대학교병원,의사,"대동맥, 폐동맥질환, 성인심장수술, ECMO(에크모), 중증외상, 중환자의학, 말초혈관질환, 동정맥루수술"
758,이석수,영남대학교병원,의사,"일반흉부질환, 흉부응급질환, 흉벽질환, 다한증, 농흉, 흉부외상 및 중환자관리, 암환자혈관확보술"
759,민호기,영남대학교병원,의사,"관상동맥질환, 판막질환, 심방세동제거술"
760,이형우,영남대학교병원,의사,"당뇨병, 갑상선질환, 골다공증, 내분비대사 질환"
761,원규장,영남대학교병원,의사,"당뇨병, 갑상선질환, 골다공증, 내분비대사 질환"
762,윤지성,영남대학교병원,의사,"당뇨병, 갑상선질환, 골다공증, 내분비대사 질환"
763,문준성,영남대학교병원,의사,"당뇨병 (당뇨발/인슐린펌프/연속혈당측정검사), 갑상선질환, 골다공증, 내분비대사 질환"
764,정승민,영남대학교병원,의사,"당뇨병, 갑상선질환, 골다공증, 내분비대사 질환"
765,하은영,영남대학교병원,의사,
766,황진용,경상국립대학교병원,의사,"심근경색, 협심증, 심부전, 고혈압, 관상동맥 중재시술"
767,황석재,경상국립대학교병원,의사,"심근경색, 협심증, 심부전, 고혈압, 관상동맥 중재시술"
768,박정랑,경상국립대학교병원,의사,"심부전, 심장판막질환, 폐동맥 고혈압, 심근병증, 고혈압, 심초음파"
769,고진신,경상국립대학교병원,의사,"심근경색, 협심증, 심부전, 대동맥/말초혈관 질환, 고혈압, 관상동맥/대동맥 질환 중재시술"
770,박현웅,경상국립대학교병원,의사,"심근경색, 협심증, 심부전, 대동맥/말초혈관 질환, 고혈압, 관상동맥/대동맥 판막 중재시술"
771,강민규,경상국립대학교병원,의사,"심근경색, 협심증, 심부전, 대동맥/말초혈관 질환, 고혈압, 부정맥, 관상동맥/대동맥 판막 중재시술"
772,김계환,경상국립대학교병원,의사,"심부전, 심장판막 질환, 폐동맥 고혈압, 심근병증, 고혈압, 부정맥, 심초음파, 관상동맥 중재시술"
773,김한결,경상국립대학교병원,의사,
774,최준영,경상국립대학교병원,의사,"심장판막질환, 관상동맥질환, 대동맥질환, 말초혈관질환"
775,장인석,경상국립대학교병원,의사,"일반흉부질환, 흉강경수술, 폐암 수술, 식도암 수술, 흉선암 수술, 다한증 수술, 흉부 외상"
776,이정은,경상국립대학교병원,의사,"일반흉부,혈관외과,소아심장"
777,박현오,경상국립대학교병원,의사,"성인심장, 혈관외과"
778,김종덕,경상국립대학교병원,의사,"폐, 식도, 일반흉부, 흉강경"
779,이원섭,경상국립대학교병원,의사,"소화기계 암, 비뇨기계 암, 중추신경계 암"
780,이경원,경상국립대학교병원,의사,"폐암, 악성 림프종, 다발 골수종, 조혈모세포 이식, 유방암"
781,강정훈,경상국립대학교병원,의사,"호스피스/완화의료, 대장암, 간담췌암, 성인암생존자클리닉"
782,송하나,경상국립대학교병원,의사,"유방암, 부인암, 육종, 대장암"
783,김정훈,경상국립대학교병원,의사,"소화기계 암, 비뇨기계 암, 두경부 암, 희귀암(육종, 피부암, 중추신경계)"
784,박성우,창원경상국립대학교병원,의사,"혈액관련 이상 타과 consult, 혈액 질환,백혈병,조혈모세포 이식"
785,곽충환,창원경상국립대학교병원,의사,"부정맥,관상동맥질환, 고혈압"
786,정영훈,창원경상국립대학교병원,의사,"허혈성 심질환(협심증, 심근경색증), 심혈관 중재시술, 고혈압, 고지혈증, 혈전질환"
787,박용휘,창원경상국립대학교병원,의사,"관상동맥 중재시술, 심근경색증, 협심증, 고혈압, 심초음파"
788,장정윤,창원경상국립대학교병원,의사,"심장 판막 질환, 심근증, 대동맥 질환, 심부전, 고혈압, 심장 초음파, 성인 선천성심질환"
789,안종화,창원경상국립대학교병원,의사,"허혈성 심질환(협심증, 심근 경색증), 심혈관 중재시술, 고혈압, 이상지질혈증 (고콜레스테롤혈증), 수술 전 심장평가"
790,조상영,창원경상국립대학교병원,의사,"심부전, 심장 재활, 심장이식"
791,김종우,창원경상국립대학교병원,의사,"성인심장(심장판막질환, 관상동맥질환, 대동맥질환, 심장이식), 혈관외과(대동맥스텐트 시술, 말초혈관질환)"
792,변정훈,창원경상국립대학교병원,의사,"성인심장(판막,관상동맥),대동맥, 중증 외상,말초 혈관질환, ECMO"
793,양준호,창원경상국립대학교병원,의사,"성인심장(대동맥, 관상동맥, 심장판막 질환 등), 말초혈관질환, 흉부외상, 중환자관리, 체외막산소장치(ECMO)"
794,강동훈,창원경상국립대학교병원,의사,심혈관외과
795,배재석,창원경상국립대학교병원,의사,"허혈성 심질환(협심증, 심근경색증), 심혈관 중재시술, 말초혈관 중재시술, 고혈압, 고지혈증, 수술 전 심장평가"
796,김성환,창원경상국립대학교병원,의사,"기흉, 폐암, 식도암, 종격동종양, 오목가슴, 다한증 외 기타 흉강경수술 및 로봇수술, 일반흉부질환, 흉부외상"
797,문성호,창원경상국립대학교병원,의사,"하지정맥류, 하지동맥폐쇄증, 당뇨족, 대동맥류 시술, 심부정맥혈전증, 투석접근로/수술 및 시술"
798,정재준,창원경상국립대학교병원,의사,폐식도외과
799,김훈구,창원경상국립대학교병원,의사,"폐암,식도암, 위암, 혈액 질환(림프종, 골수 질환,빈혈,백혈구 질환, 혈소판 질환 등), 기타 암종"
800,고세일,창원경상국립대학교병원,의사,"혈액종양, 양성종양"
801,강명희,창원경상국립대학교병원,의사,"유방 및 부인과, 소화기종양"
802,송하나,창원경상국립대학교병원,의사,"유방암, 부인암, 육종, 대장암"
803,조명찬,충북대학교병원,의사,"고혈압, 협심증, 심부전"
804,김동운,충북대학교병원,의사,"고혈압, 심부전, 이상지질혈증"
805,황경국,충북대학교병원,의사,"고혈압, 고지혈증, 심부전, 허혈성심질환"
806,배장환,충북대학교병원,의사,"허혈성 심질환, 말초혈관질환, 대동맥질환, 고지혈증, 고혈압"
807,이상엽,충북대학교병원,의사,"허혈성심질환, 고혈압, 성인 선천성 심질환"
808,김상민,충북대학교병원,의사,"협심증 (허혈성 심장질환), 대동맥질환, 말초동맥 질환, 중재시술"
809,이주희,충북대학교병원,의사,"심부전, 심근병, 판막질환, 고혈압, 폐동맥고혈압, 성인 선천성 심질환, 심초음파"
810,이대인,충북대학교병원,의사,"부정맥, 실신, 인공심박동기, 삽입형 제세동기, 심장재동기화치료"
811,김민,충북대학교병원,의사,"부정맥, 실신, 인공심박동기, 삽입형 제세동기, 심장재동기화치료"
812,배대환,충북대학교병원,의사,"심부전, 심근병증, 심초음파, 심인성쇼크, 심장이식, 고혈압"
813,홍종면,충북대학교병원,의사,"심장ㆍ혈관 질환, 식도ㆍ폐 질환, 복부대동맥"
814,김시욱,충북대학교병원,의사,"폐암, 일반흉부질환, 성인심장질환"
815,김도훈,충북대학교병원,의사,"폐암(흉강내시경 전문), 기흉 (단일 구멍 수술), 다한증 (미세 내시경), 각종 흉부 질환"
816,윤수영,충북대학교병원,의사,흉부외상
817,석준필,충북대학교병원,의사,"흉부외상, 늑골골절, 중환자의학"
818,김영수,충북대학교병원,의사,"성인심혈관질환 (관상동맥, 판막, 대동맥, 심장종양 수술)"
819,김치정,중앙대학교병원,의사,"고지혈증, 동맥경화, 고혈압, 심부전"
820,김태호,중앙대학교병원,의사,"고혈압, 동맥경화, 심장혈관질환, 심근질환"
821,김상욱,중앙대학교병원,의사,"심부전, 협심증, 심근경색, 대동맥 및 심장판막질환, 중재시술"
822,이광제,중앙대학교병원,의사,"심장판막질환, 허혈성심장질환, 심근질환, 심부전, 고혈압"
823,이왕수,중앙대학교병원,의사,"심부전, 관상동맥질환(협심증,심근경색), 대동맥 및 심장판막질환, 중재시술"
824,신승용,중앙대학교병원,의사,"부정맥, 고주파 전극도자 절제술, 인공 심박기, 실신, 심근병증"
825,원호연,중앙대학교병원,의사,"협심증, 심근경색증, 대동맥질환(대동맥류, 대동맥박리), 말초혈관질환, 중재시술, 심부전"
826,조준환,중앙대학교병원,의사,"협심증, 심근경색증, 대동맥질환, 중재시술, 심부전"
827,김혜미,중앙대학교병원,의사,"심부전/심근증 클리닉, 심장판막질환, 비후성심근증, 허혈성심질환, 고혈압"
828,강기운,중앙대학교병원,의사,"부정맥, 실신 및 돌연사, 전극도자 절제술 및 심장내 전자 장치, 심부전"
829,박경택,중앙대학교병원,의사,"관상동맥질환(협심증, 심근경색증), 대동맥질환 및 심장판막질환, 중재시술, 심부전"
830,홍준화,중앙대학교병원,의사,"협심증, 심근경색, 심장판막, 대혈관, 비후성심근증, 심장이식, 심장보조장치, 선천성심장병"
831,박병준,중앙대학교병원,의사,"폐암, 식도암, 흉강경 및 로봇 폐수술, 흉부종양, 식도수술, 3D프린팅 티타늄 흉곽이식술"
832,박성준,중앙대학교병원,의사,"대동맥질환, 관상동맥질환, 판막질환, 심부전"
833,윤정한,원주세브란스기독병원,의사,"협심증, 심근경색, 허혈성심장질환, 관상동맥중재술"
834,이승환,원주세브란스기독병원,의사,"협심증, 심근경색, 허혈성심장질환, 관상동맥중재술"
835,유병수,원주세브란스기독병원,의사,"심부전, 고혈압, 협심증, 심근증"
836,김장영,원주세브란스기독병원,의사,"대사증후군(고혈압, 이상지질혈증, 비만), 심장판막질환, 협심증"
837,안민수,원주세브란스기독병원,의사,"부정맥, 심장전기생리검사, 전극도자절제술, 인공심장박동기, 제세동기, 심장재동기화치료"
838,안성균,원주세브란스기독병원,의사,"협심증, 심근경색, 관상동맥중재술, 구조적 심질환 중재술, 고지혈증"
839,윤영진,원주세브란스기독병원,의사,"협심증, 심근경색, 허혈성심장질환, 관상동맥중재술, 대동맥중재술, 말초혈관중재술, 하지정맥질환"
840,이준원,원주세브란스기독병원,의사,"협심증, 심근경색, 허혈성심장질환, 고지혈증, 관상동맥중재술, 말초혈관질환 중재술"
841,손정우,원주세브란스기독병원,의사,"판막질환, 심부전, 심장초음파, 고혈압, 협심증"
842,조동혁,원주세브란스기독병원,의사,"심부전, 고지혈증, 고혈압, 판막질환, 심장초음파, 폐동맥고혈압, 협심증"
843,박영준,원주세브란스기독병원,의사,"부정맥, 두근거림, 빈맥, 서맥, 심정지, 실신, 전극도자절제술, 심장박동기, 제세동기, 심장재동기화치료"
844,김영인,원주세브란스기독병원,의사,
845,전호성,원주세브란스기독병원,의사,
846,박일환,원주세브란스기독병원,의사,"흉부외상, 폐 및 늑막수술"
847,변천성,원주세브란스기독병원,의사,"폐암 및 식도암, 흉선종, 흉곽기형, 다한증, 로봇수술, 흉부외상 및 중환자 치료"
848,김창완,원주세브란스기독병원,의사,"폐 및 늑막 질환 수술 및 중환자관리, 흉부외상"
849,홍순창,원주세브란스기독병원,의사,"심장수술, 관상동맥질환수술, 판막 및 부정맥수술, 대동맥 및 말초혈관 치료, 하지정맥류"
850,송준영,원주세브란스기독병원,의사,
851,유동곤,강릉아산병원,의사,"폐암, 식도암, 흉강경수술, 하지정맥류"
852,김종욱,강릉아산병원,의사,"흉곽기형, 다한증, 하지정맥류, 폐질환, 식도질환, 종격동종양, 흉부외상"
853,박종빈,강릉아산병원,의사,"성인심장질환, 소아심장질환, 대동맥질환, 말초동맥 및 버거씨병, 하지정맥류, 동정맥루조성술"
854,조원철,강릉아산병원,의사,"심장질환, 대동맥 및 혈관질환, 하지정맥류, 동정맥루조성술, 흉부외상"
855,전보배,강릉아산병원,의사,"소아심장질환, 외상"
856,유상용,강릉아산병원,의사,"관상동맥질환(협심증, 심근경색증), 변이형협심증, 부정맥, 심박동기, 제세동기, CRT"
857,정상식,강릉아산병원,의사,"관상동맥질환(협심증, 심근경색증), 말초혈관질환, 고협압, 부정맥, 심박동기"
858,하상진,강릉아산병원,의사,"심부전, 심근질환, 판막질환, 관상동맥질환, 폐동맥고혈압, 고혈압, 심장초음파"
859,우영민,강릉아산병원,의사,"말초혈관질환, 대동맥질환, 관상동맥질환(협심증, 심근경색증), 고혈압"
860,최경진,강릉아산병원,의사,"관상동맥질환(협심증, 심근경색증), 부정맥, 심박동기"
861,박한빛,강릉아산병원,의사,"관상동맥질환(협심증, 심근경색증), 구조적 심질환(심박중격결손, 난원공개존증, 대동맥관개존증), 심부전, 고혈압"
